﻿CodeProduit;Produit;Unité;Description
21010;Suffisance des apports énergétiques alimentaires moyens (%) (moyenne sur 3 ans);%;The indicator expresses the Dietary Energy Supply (DES) as a percentage of the Average Dietary Energy Requirement (ADER). Each country's or region's average supply of calories for food consumption is normalized by the average dietary energy requirement estimated for its population to provide an index of adequacy of the food supply in terms of calories.
21011;Valeur moyenne de la production alimentaire ($I constants par personne) (moyenne sur 3 ans);$I par personne;The indicator expresses the food net production value (in constant 2004-06 international dollars), as estimated by FAO and published by FAOSTAT, in per capita terms.
21012;Part des céréales, des racines et des tubercules dans les apports énergétiques alimentaires (%) (moyenne sur 3 ans);%;The indicator expresses the energy supply (in kcal/caput/day) provided by cereals, roots and tubers as a percentage of the total Dietary Energy Supply (DES) (in kcal/caput/day) calculated from the correponding countries in the FAOSTAT food balance sheets.
21013;Disponibilités protéiques moyennes (g/personne/jour) (moyenne sur 3 ans);g/personne/jour;National average protein supply (expressed in grams per caput per day).
21014;Disponibilités protéines moyennes d’origine animale (g/personne/jour) (moyenne sur 3 ans);g/personne/jour;"National average protein supply (expressed in grams per caput per day). It includes the following groups: meat; offals; animal fats and products; milk and products; eggs, fish, seafood and products; and acquatic products, other."
21016;Densité du réseau ferroviaire (pour 100 km carrés de surface totale du pays);pour 100 km carrés de surface totale du pays;Rail lines density corresponds to the ratio between the length of railway route available for train service, irrespective of the number of parallel tracks (rail lines, total route in km) with the area of the country.
21025;Pourcentage des enfants de moins de 5 ans présentant un retard de croissance (estimation modélisée) (%);%;Percentage of stunting (height-for-age less than -2 standard deviations of the WHO Child Growth Standards median) among children aged 0-59 months.
21026;Pourcentage des enfants de moins de 5 ans émaciés (%);%;Weight-for-height is more than two standard deviations below the median for the international reference population aged 0-59 months.
21030;Variabilité de la production alimentaire par habitant ($I par personne constant 2004-06);1000 I$;"Per capita food production variability corresponds to the variability of the ""food net per capita production value in constant 2004-2006 international $"" as disseminated in FAOSTAT."
21031;Variabilité des disponibilités alimentaires par habitant (Kcal/personne/jour);Kcal/personne/jour;"Per capita food supply variability corresponds to the variability of the ""food supply in kcal/caput/day"" as disseminated in FAOSTAT."
21032;Stabilité politique et absence de violence/terrorisme (indice);indice;Political stability and absence of violence measures perceptions of the likelihood that thegovernment will be destabilized or overthrown by unconstitutional or violent means, includingpolitically-motivated violence and terrorism.
21033;Valeur des importations alimentaires par rapport aux exportations totales de marchandises (%) (moyenne sur 3 ans);%;Value of food (excl. fish) imports over total merchandise exports.
21034;Pourcentage des terres arables aménagées pour l'irrigation (%) (moyenne sur 3 ans);%;Ratio between arable land equipped for irrigation and total arable land.
21035;Taux de dépendance à l'égard des importations céréalières (%) (moyenne sur 3 ans);%;The cereal imports dependency ratio tells how much of the available domestic food supply of cereals has been imported and how much comes from the country's own production. It is computed as(cereal imports - cereal exports)/(cereal production + cereal imports - cereal exports) * 100 Given this formula the indicator assumes only values <= 100. Negative values indicate that the country is a net exporter of cereals.
21041;Prévalence de l'excès pondéral chez l’enfant de moins de 5 ans (estimation modélisée) (%);%;Weight-for-height more than 2 standard deviations of the WHO Child Growth Standards median among children aged 0-59 months.
21042;Prévalence de l'obésité chez l'adulte (18 ans ou plus);%;Percentage of adults ages 18 and over whose Body Mass Index (BMI) is more than 30 kg/m2.
21043;Prévalence de l'anémie chez la femme en âge de procréer (15-49 ans);%;Prevalence of anemia among women of reproductive age refers to the combined prevalence of both non-pregnant with haemoglobin levels below 12 g/dL and pregnant women with haemoglobin levels below 11 g/dL.
21044;Prévalence de l'allaitement exclusif au sein du nourrisson de 0 à 5 mois;%;Percentage of children less than six months old who are fed breast milk alone (no other liquids) in the past 24 hours.
21045;Pourcentage de la population ayant accès à des services d'eau potable gérés en toute sécurité;%;The percentage of people using drinking water from an improved source that is accessible on premises, available when needed and free from faecal and priority chemical contamination. Improved water sources include piped water, boreholes or tubewells, protected dug wells, protected springs, and packaged or delivered water.
21046;Pourcentage de la population ayant accès à des services d'assainissement gérés en toute sécurité;%;The percentage of the population using safely managed sanitation facilities which are not shared with other households and where excreta are safely disposed in situ or transported and treated off-site.
21047;Pourcentage de la population utilisant au moins les services d'eau de base;%;The?percentage of people using at least basic drinking water services. This indicator encompasses people using basic drinking water services as well as those using safely managed drinking water services. Basic drinking water services is defined as drinking water from an improved source.
21048;Pourcentage de la population utilisant au moins les services d'assainissement de base;%;The?percentage of people using at least basic sanitation services. This indicator encompasses people using basic sanitation services as well as those using safely managed sanitation services. Basic sanitation facilities are defined as not shared with other household. Safely managed sanitation facilities are defined as improved facilities that are not shared with other households and where excreta are safely disposed of in situ or removed and treated offsite.
21049;Prévalence de l'insuffisance pondérale à la naissance (%);%;Low birthweight is defined as a weight at birth of less than 2 500 grams (less than 5.51 lbs), regardless of gestational age.
21056;Besoins énergétiques alimentaires minimaux (kcal/personne/jour);Kcal/personne/jour;In a specified age/sex category, MDER is the minimum amount of dietary energy per person that is considered adequate to meet the energy needs at a minimum acceptable BMI of an individual engaged in low physical activity. If referring to an entire population, the MDER is the weighted average of the minimum energy requirements of the different age/sex groups. It is expressed as kilocalories per person per day.
21057;Besoins énergétiques alimentaires moyens (kcal/personne/jour);Kcal/personne/jour;The ADER is a proper normative reference for adequate nutrition in the population.
21058;Coefficient de variation de la distribution de la consommation calorique habituelle (vraie valeur);Nombre;For many countries, the coefficient of variation, taken as an indicator of the dispersion of the food consumption distribution within the general population, is derived from available household surveys that collect data on both food consumption/acquisition and income/expenditure. When appropriate data for directly estimating the variability of food consumption are not readily available, indirect procedures are used by FAO to estimate a suitable value for this parameter.
21059;Incidence des pertes caloriques au niveau de la vente au détail (%);%;Incidence of caloric losses at retail distribution level.
21061;Disponibilités moyennes de matière grasse (g/personne/jour) (moyenne sur 3 ans);g/personne/jour;National average fat supply (expressed in grams per caput per day).
22000;Disponibilité alimentaire par habitant utilisée dans l'estimation de la prévalence de la sous-alimentation (kcal/personne/jour) (moyenne sur 3 ans);Kcal/personne/jour;National average dietary energy supply (DES) (expressed in calories per caput per day) used in the estimation of prevalence of undernourishment. The data may be different from the DES data published in the Food Balance Sheets domain.
22013;PIB par habitant, ($ PPA internationaux constants de 2011);I$;GDP per capita based on purchasing power parity (PPP). PPP GDP is gross domestic product converted to international dollars using purchasing power parity rates. An international dollar has the same purchasing power over GDP as the U.S. dollar has in the United States. GDP at purchaser's prices is the sum of gross value added by all resident producers in the economy plus any product taxes and minus any subsidies not included in the value of the products. It is calculated without making deductions for depreciation of fabricated assets or for depletion and degradation of natural resources. Data are in constant 2011 international dollars.
210010;Nombre de personnes sous-alimentées (millions) (valeur annuelle);millions;Estimated number of people at risk of undernourishment. It is calculated by applying the estimated prevalence of undernourishment to total population in each period.
210011;Nombre de personnes sous-alimentées (millions) (moyenne sur 3 ans);millions;Estimated number of people at risk of undernourishment. It is calculated by applying the estimated prevalence of undernourishment to total population in each period.
210040;Prévalence de la sous-alimentation (%) (valeur annuelle);%;The prevalence of undernourishment expresses the probability that a randomly selected individual from the population consumes an amount of calories that is insufficient to cover her/his energy requirement for an active and healthy life. The indicator is computed by comparing a probability distribution of habitual daily dietary energy consumption with a threshold level called the minimum dietary energy Requirement. Both are based on the notion of an average individual in the reference population.
210041;Prévalence de la sous-alimentation (%) (moyenne sur 3 ans);%;The prevalence of undernourishment expresses the probability that a randomly selected individual from the population consumes an amount of calories that is insufficient to cover her/his energy requirement for an active and healthy life. The indicator is computed by comparing a probability distribution of habitual daily dietary energy consumption with a threshold level called the minimum dietary energy Requirement. Both are based on the notion of an average individual in the reference population.
210070;Nombre de personnes en situation d’insécurité alimentaire grave (millions) (valeur annuelle);millions;Estimated number of people living in households classified as severely food insecure. It is calculated by multiplying the estimated percentage of people affected by severe food insecurity (I_2.4) by the total population.
210071;Nombre de personnes en situation d’insécurité alimentaire grave (millions) (moyenne sur 3 ans);millions;Estimated number of people living in households classified as severely food insecure. It is calculated by multiplying the estimated percentage of people affected by severe food insecurity (I_2.4) by the total population.
210080;Nombre de personnes en situation d’insécurité alimentaire modérée ou grave (millions) (valeur annuelle);millions;Estimated number of people living in households classified as moderately or severely food insecure. It is calculated by multiplying the estimated percentage of people affected by moderate or severe food insecurity by the total population.
210081;Nombre de personnes en situation d’insécurité alimentaire modérée ou grave (millions) (moyenne sur 3 ans);millions;Estimated number of people living in households classified as moderately or severely food insecure. It is calculated by multiplying the estimated percentage of people affected by moderate or severe food insecurity by the total population.
210090;Prévalence de l’insécurité alimentaire modérée ou grave – population totale (%) (valeur annuelle);%;"The prevalence of moderate or severe food insecurity is an estimate of the percentage of people in the population who live in households classified as moderately or severely food insecure. The assessment is conducted using data collected with the Food Insecurity Experience Scale or a compatible experience-based food security measurement questionnaire (such as the HFSSM). The probability to be food insecure is estimated using the one-parameter logistic Item Response Theory model (the Rasch model) and thresholds for classification are made cross country comparable by calibrating the metrics obtained in each country against the FIES global reference scale, maintained by FAO. The threshold to classify ""moderate or severe"" food insecurity corresponds to the severity associated with the item ""having to eat less"" on the global FIES scale. In simpler terms, a household is classified as moderately or severely food insecure when at least one adult in the household has reported to have been exposed, at times during the year, to low quality diets and might have been forced to also reduce the quantity of food they would normally eat because of a lack of money or other resources. It is an indicator of lack of food access."
210091;Prévalence de l’insécurité alimentaire modérée ou grave – population totale (%) (moyenne sur 3 ans);%;"The prevalence of moderate or severe food insecurity is an estimate of the percentage of people in the population who live in households classified as moderately or severely food insecure. The assessment is conducted using data collected with the Food Insecurity Experience Scale or a compatible experience-based food security measurement questionnaire (such as the HFSSM). The probability to be food insecure is estimated using the one-parameter logistic Item Response Theory model (the Rasch model) and thresholds for classification are made cross country comparable by calibrating the metrics obtained in each country against the FIES global reference scale, maintained by FAO. The threshold to classify ""moderate or severe"" food insecurity corresponds to the severity associated with the item ""having to eat less"" on the global FIES scale. In simpler terms, a household is classified as moderately or severely food insecure when at least one adult in the household has reported to have been exposed, at times during the year, to low quality diets and might have been forced to also reduce the quantity of food they would normally eat because of a lack of money or other resources. It is an indicator of lack of food access."
210250;Nombre d'enfants de moins de 5 ans présentant un retard de croissance (estimation modélisée) (millions);millions;Percentage of stunting (height-for-age less than -2 standard deviations of the WHO Child Growth Standards median) among children aged 0-59 months.
210260;Nombre d'enfants de moins de 5 ans émaciés (millions);millions;Weight-for-height is more than two standard deviations below the median for the international reference population aged 0-59 months.
210400;Prévalence de l’insécurité alimentaire grave – population totale (%) (valeur annuelle);%;"The prevalence of severe food insecurity is an estimate of the percentage of people in the population who live in households classified as severely food insecure. The assessment is conducted using data collected with the Food Insecurity Experience Scale or a compatible experience-based food security measurement questionnaire (such as the HFSSM). The probability to be food insecure is estimated using the one-parameter logistic Item Response Theory model (the Rasch model) and thresholds for classification are made cross country comparable by calibrating the metrics obtained in each country against the FIES global reference scale, maintained by FAO. The threshold to classify ""severe"" food insecurity corresponds to the severity associated with the item ""having not eaten for an entire day"" on the global FIES scale. In simpler terms, a household is classified as severely food insecure when at least one adult in the household has reported to have been exposed, at times during the year, to several of the most severe experiences described in the FIES questions, such as to have been forced to reduce the quantity of the food, to have skipped meals, having gone hungry, or having to go for a whole day without eating because of a lack of money or other resources. It is an indicator of lack of food access."
210401;Prévalence de l’insécurité alimentaire grave – population totale (%) (moyenne sur 3 ans);%;"The prevalence of severe food insecurity is an estimate of the percentage of people in the population who live in households classified as severely food insecure. The assessment is conducted using data collected with the Food Insecurity Experience Scale or a compatible experience-based food security measurement questionnaire (such as the HFSSM). The probability to be food insecure is estimated using the one-parameter logistic Item Response Theory model (the Rasch model) and thresholds for classification are made cross country comparable by calibrating the metrics obtained in each country against the FIES global reference scale, maintained by FAO. The threshold to classify ""severe"" food insecurity corresponds to the severity associated with the item ""having not eaten for an entire day"" on the global FIES scale. In simpler terms, a household is classified as severely food insecure when at least one adult in the household has reported to have been exposed, at times during the year, to several of the most severe experiences described in the FIES questions, such as to have been forced to reduce the quantity of the food, to have skipped meals, having gone hungry, or having to go for a whole day without eating because of a lack of money or other resources. It is an indicator of lack of food access."
210410;Nombre d'enfants de moins de 5 ans présentant un excès pondéral (estimation modélisée) (millions);millions;Weight-for-height more than 2 standard deviations of the WHO Child Growth Standards median among children aged 0-59 months.
210420;Nombre d'adultes (18 ans ou plus) obèses (millions);millions;Percentage of adults ages 18 and over whose Body Mass Index (BMI) is more than 30 kg/m2.
210430;Nombre de femmes en âge de procréer (15-49 ans) anémiques (millions);millions;Prevalence of anemia among women of reproductive age refers to the combined prevalence of both non-pregnant with haemoglobin levels below 12 g/dL and pregnant women with haemoglobin levels below 11 g/dL.
210490;Nombre de nouveaux-nés en insuffisance pondérale (millions);millions;Low birthweight is defined as a weight at birth of less than 2 500 grams (less than 5.51 lbs), regardless of gestational age.
