CodeZone;CodeProduit;CodeElement;CodeAnnée;Unité;Valeur
2;2501;511;2010;1000 personnes;29186.000000
2;2501;511;2011;1000 personnes;30117.000000
2;2501;511;2012;1000 personnes;31161.000000
2;2501;511;2013;1000 personnes;32270.000000
2;2501;511;2014;1000 personnes;33371.000000
2;2501;511;2015;1000 personnes;34414.000000
2;2501;511;2016;1000 personnes;35383.000000
2;2501;511;2017;1000 personnes;36296.000000
2;2501;511;2018;1000 personnes;37172.000000
2;2501;511;2019;1000 personnes;38042.000000
202;2501;511;2010;1000 personnes;51217.000000
202;2501;511;2011;1000 personnes;52004.000000
202;2501;511;2012;1000 personnes;52833.000000
202;2501;511;2013;1000 personnes;53687.000000
202;2501;511;2014;1000 personnes;54544.000000
202;2501;511;2015;1000 personnes;55386.000000
202;2501;511;2016;1000 personnes;56208.000000
202;2501;511;2017;1000 personnes;57010.000000
202;2501;511;2018;1000 personnes;57793.000000
202;2501;511;2019;1000 personnes;58558.000000
3;2501;511;2010;1000 personnes;2948.000000
3;2501;511;2011;1000 personnes;2929.000000
3;2501;511;2012;1000 personnes;2914.000000
3;2501;511;2013;1000 personnes;2904.000000
3;2501;511;2014;1000 personnes;2896.000000
3;2501;511;2015;1000 personnes;2891.000000
3;2501;511;2016;1000 personnes;2886.000000
3;2501;511;2017;1000 personnes;2884.000000
3;2501;511;2018;1000 personnes;2883.000000
3;2501;511;2019;1000 personnes;2881.000000
4;2501;511;2010;1000 personnes;35977.000000
4;2501;511;2011;1000 personnes;36661.000000
4;2501;511;2012;1000 personnes;37384.000000
4;2501;511;2013;1000 personnes;38140.000000
4;2501;511;2014;1000 personnes;38924.000000
4;2501;511;2015;1000 personnes;39728.000000
4;2501;511;2016;1000 personnes;40551.000000
4;2501;511;2017;1000 personnes;41389.000000
4;2501;511;2018;1000 personnes;42228.000000
4;2501;511;2019;1000 personnes;43053.000000
79;2501;511;2010;1000 personnes;83017.000000
79;2501;511;2011;1000 personnes;82893.000000
79;2501;511;2012;1000 personnes;82800.000000
79;2501;511;2013;1000 personnes;82727.000000
79;2501;511;2014;1000 personnes;81450.000000
79;2501;511;2015;1000 personnes;81787.000000
79;2501;511;2016;1000 personnes;82194.000000
79;2501;511;2017;1000 personnes;82658.000000
79;2501;511;2018;1000 personnes;83124.000000
79;2501;511;2019;1000 personnes;83517.000000
7;2501;511;2010;1000 personnes;23356.000000
7;2501;511;2011;1000 personnes;24221.000000
7;2501;511;2012;1000 personnes;25108.000000
7;2501;511;2013;1000 personnes;26016.000000
7;2501;511;2014;1000 personnes;26942.000000
7;2501;511;2015;1000 personnes;27884.000000
7;2501;511;2016;1000 personnes;28842.000000
7;2501;511;2017;1000 personnes;29817.000000
7;2501;511;2018;1000 personnes;30810.000000
7;2501;511;2019;1000 personnes;31825.000000
8;2501;511;2010;1000 personnes;88.000000
8;2501;511;2011;1000 personnes;89.000000
8;2501;511;2012;1000 personnes;90.000000
8;2501;511;2013;1000 personnes;92.000000
8;2501;511;2014;1000 personnes;93.000000
8;2501;511;2015;1000 personnes;94.000000
8;2501;511;2016;1000 personnes;95.000000
8;2501;511;2017;1000 personnes;95.000000
8;2501;511;2018;1000 personnes;96.000000
8;2501;511;2019;1000 personnes;97.000000
194;2501;511;2010;1000 personnes;27258.000000
194;2501;511;2011;1000 personnes;27762.000000
194;2501;511;2012;1000 personnes;28288.000000
194;2501;511;2013;1000 personnes;28829.000000
194;2501;511;2014;1000 personnes;30917.000000
194;2501;511;2015;1000 personnes;31718.000000
194;2501;511;2016;1000 personnes;32443.000000
194;2501;511;2017;1000 personnes;33101.000000
194;2501;511;2018;1000 personnes;33703.000000
194;2501;511;2019;1000 personnes;34269.000000
9;2501;511;2010;1000 personnes;40896.000000
9;2501;511;2011;1000 personnes;41321.000000
9;2501;511;2012;1000 personnes;41755.000000
9;2501;511;2013;1000 personnes;42196.000000
9;2501;511;2014;1000 personnes;42638.000000
9;2501;511;2015;1000 personnes;43075.000000
9;2501;511;2016;1000 personnes;43508.000000
9;2501;511;2017;1000 personnes;43937.000000
9;2501;511;2018;1000 personnes;44361.000000
9;2501;511;2019;1000 personnes;44781.000000
1;2501;511;2010;1000 personnes;2877.000000
1;2501;511;2011;1000 personnes;2877.000000
1;2501;511;2012;1000 personnes;2884.000000
1;2501;511;2013;1000 personnes;2898.000000
1;2501;511;2014;1000 personnes;2912.000000
1;2501;511;2015;1000 personnes;2926.000000
1;2501;511;2016;1000 personnes;2936.000000
1;2501;511;2017;1000 personnes;2945.000000
1;2501;511;2018;1000 personnes;2952.000000
1;2501;511;2019;1000 personnes;2958.000000
10;2501;511;2010;1000 personnes;22155.000000
10;2501;511;2011;1000 personnes;22538.000000
10;2501;511;2012;1000 personnes;22904.000000
10;2501;511;2013;1000 personnes;23255.000000
10;2501;511;2014;1000 personnes;23596.000000
10;2501;511;2015;1000 personnes;23933.000000
10;2501;511;2016;1000 personnes;24263.000000
10;2501;511;2017;1000 personnes;24585.000000
10;2501;511;2018;1000 personnes;24898.000000
10;2501;511;2019;1000 personnes;25203.000000
11;2501;511;2010;1000 personnes;8410.000000
11;2501;511;2011;1000 personnes;8454.000000
11;2501;511;2012;1000 personnes;8502.000000
11;2501;511;2013;1000 personnes;8556.000000
11;2501;511;2014;1000 personnes;8615.000000
11;2501;511;2015;1000 personnes;8679.000000
11;2501;511;2016;1000 personnes;8747.000000
11;2501;511;2017;1000 personnes;8820.000000
11;2501;511;2018;1000 personnes;8891.000000
11;2501;511;2019;1000 personnes;8955.000000
52;2501;511;2010;1000 personnes;9032.000000
52;2501;511;2011;1000 personnes;9146.000000
52;2501;511;2012;1000 personnes;9265.000000
52;2501;511;2013;1000 personnes;9385.000000
52;2501;511;2014;1000 personnes;9506.000000
52;2501;511;2015;1000 personnes;9623.000000
52;2501;511;2016;1000 personnes;9736.000000
52;2501;511;2017;1000 personnes;9845.000000
52;2501;511;2018;1000 personnes;9950.000000
52;2501;511;2019;1000 personnes;10048.000000
12;2501;511;2010;1000 personnes;355.000000
12;2501;511;2011;1000 personnes;360.000000
12;2501;511;2012;1000 personnes;364.000000
12;2501;511;2013;1000 personnes;367.000000
12;2501;511;2014;1000 personnes;371.000000
12;2501;511;2015;1000 personnes;374.000000
12;2501;511;2016;1000 personnes;378.000000
12;2501;511;2017;1000 personnes;382.000000
12;2501;511;2018;1000 personnes;386.000000
12;2501;511;2019;1000 personnes;389.000000
16;2501;511;2010;1000 personnes;147575.000000
16;2501;511;2011;1000 personnes;149273.000000
16;2501;511;2012;1000 personnes;151006.000000
16;2501;511;2013;1000 personnes;152761.000000
16;2501;511;2014;1000 personnes;154517.000000
16;2501;511;2015;1000 personnes;156256.000000
16;2501;511;2016;1000 personnes;157977.000000
16;2501;511;2017;1000 personnes;159685.000000
16;2501;511;2018;1000 personnes;161377.000000
16;2501;511;2019;1000 personnes;163046.000000
14;2501;511;2010;1000 personnes;282.000000
14;2501;511;2011;1000 personnes;283.000000
14;2501;511;2012;1000 personnes;284.000000
14;2501;511;2013;1000 personnes;284.000000
14;2501;511;2014;1000 personnes;285.000000
14;2501;511;2015;1000 personnes;285.000000
14;2501;511;2016;1000 personnes;286.000000
14;2501;511;2017;1000 personnes;286.000000
14;2501;511;2018;1000 personnes;287.000000
14;2501;511;2019;1000 personnes;287.000000
57;2501;511;2010;1000 personnes;9421.000000
57;2501;511;2011;1000 personnes;9415.000000
57;2501;511;2012;1000 personnes;9417.000000
57;2501;511;2013;1000 personnes;9424.000000
57;2501;511;2014;1000 personnes;9432.000000
57;2501;511;2015;1000 personnes;9439.000000
57;2501;511;2016;1000 personnes;9446.000000
57;2501;511;2017;1000 personnes;9450.000000
57;2501;511;2018;1000 personnes;9453.000000
57;2501;511;2019;1000 personnes;9452.000000
255;2501;511;2010;1000 personnes;10941.000000
255;2501;511;2011;1000 personnes;11007.000000
255;2501;511;2012;1000 personnes;11060.000000
255;2501;511;2013;1000 personnes;11104.000000
255;2501;511;2014;1000 personnes;11221.000000
255;2501;511;2015;1000 personnes;11288.000000
255;2501;511;2016;1000 personnes;11354.000000
255;2501;511;2017;1000 personnes;11420.000000
255;2501;511;2018;1000 personnes;11482.000000
255;2501;511;2019;1000 personnes;11539.000000
23;2501;511;2010;1000 personnes;322.000000
23;2501;511;2011;1000 personnes;330.000000
23;2501;511;2012;1000 personnes;338.000000
23;2501;511;2013;1000 personnes;346.000000
23;2501;511;2014;1000 personnes;353.000000
23;2501;511;2015;1000 personnes;361.000000
23;2501;511;2016;1000 personnes;368.000000
23;2501;511;2017;1000 personnes;376.000000
23;2501;511;2018;1000 personnes;383.000000
23;2501;511;2019;1000 personnes;390.000000
53;2501;511;2010;1000 personnes;9199.000000
53;2501;511;2011;1000 personnes;9461.000000
53;2501;511;2012;1000 personnes;9729.000000
53;2501;511;2013;1000 personnes;10005.000000
53;2501;511;2014;1000 personnes;10287.000000
53;2501;511;2015;1000 personnes;10576.000000
53;2501;511;2016;1000 personnes;10872.000000
53;2501;511;2017;1000 personnes;11175.000000
53;2501;511;2018;1000 personnes;11485.000000
53;2501;511;2019;1000 personnes;11801.000000
19;2501;511;2010;1000 personnes;10049.000000
19;2501;511;2011;1000 personnes;10213.000000
19;2501;511;2012;1000 personnes;10378.000000
19;2501;511;2013;1000 personnes;10542.000000
19;2501;511;2014;1000 personnes;10707.000000
19;2501;511;2015;1000 personnes;10870.000000
19;2501;511;2016;1000 personnes;11032.000000
19;2501;511;2017;1000 personnes;11193.000000
19;2501;511;2018;1000 personnes;11353.000000
19;2501;511;2019;1000 personnes;11513.000000
80;2501;511;2010;1000 personnes;3705.000000
80;2501;511;2011;1000 personnes;3661.000000
80;2501;511;2012;1000 personnes;3605.000000
80;2501;511;2013;1000 personnes;3543.000000
80;2501;511;2014;1000 personnes;3482.000000
80;2501;511;2015;1000 personnes;3429.000000
80;2501;511;2016;1000 personnes;3386.000000
80;2501;511;2017;1000 personnes;3352.000000
80;2501;511;2018;1000 personnes;3324.000000
80;2501;511;2019;1000 personnes;3301.000000
20;2501;511;2010;1000 personnes;1987.000000
20;2501;511;2011;1000 personnes;2015.000000
20;2501;511;2012;1000 personnes;2040.000000
20;2501;511;2013;1000 personnes;2063.000000
20;2501;511;2014;1000 personnes;2089.000000
20;2501;511;2015;1000 personnes;2121.000000
20;2501;511;2016;1000 personnes;2160.000000
20;2501;511;2017;1000 personnes;2205.000000
20;2501;511;2018;1000 personnes;2254.000000
20;2501;511;2019;1000 personnes;2304.000000
21;2501;511;2010;1000 personnes;195714.000000
21;2501;511;2011;1000 personnes;197515.000000
21;2501;511;2012;1000 personnes;199287.000000
21;2501;511;2013;1000 personnes;201036.000000
21;2501;511;2014;1000 personnes;202764.000000
21;2501;511;2015;1000 personnes;204472.000000
21;2501;511;2016;1000 personnes;206163.000000
21;2501;511;2017;1000 personnes;207834.000000
21;2501;511;2018;1000 personnes;209469.000000
21;2501;511;2019;1000 personnes;211050.000000
27;2501;511;2010;1000 personnes;7425.000000
27;2501;511;2011;1000 personnes;7379.000000
27;2501;511;2012;1000 personnes;7334.000000
27;2501;511;2013;1000 personnes;7290.000000
27;2501;511;2014;1000 personnes;7246.000000
27;2501;511;2015;1000 personnes;7200.000000
27;2501;511;2016;1000 personnes;7152.000000
27;2501;511;2017;1000 personnes;7102.000000
27;2501;511;2018;1000 personnes;7052.000000
27;2501;511;2019;1000 personnes;7000.000000
233;2501;511;2010;1000 personnes;15605.000000
233;2501;511;2011;1000 personnes;16082.000000
233;2501;511;2012;1000 personnes;16571.000000
233;2501;511;2013;1000 personnes;17073.000000
233;2501;511;2014;1000 personnes;17586.000000
233;2501;511;2015;1000 personnes;18111.000000
233;2501;511;2016;1000 personnes;18646.000000
233;2501;511;2017;1000 personnes;19193.000000
233;2501;511;2018;1000 personnes;19751.000000
233;2501;511;2019;1000 personnes;20321.000000
29;2501;511;2014;1000 personnes;9844.300000
29;2501;511;2015;1000 personnes;10160.030000
29;2501;511;2016;1000 personnes;10488.000000
29;2501;511;2017;1000 personnes;10827.020000
29;2501;511;2018;1000 personnes;11175.370000
29;2501;511;2019;1000 personnes;11530.580000
35;2501;511;2010;1000 personnes;493.000000
35;2501;511;2011;1000 personnes;499.000000
35;2501;511;2012;1000 personnes;505.000000
35;2501;511;2013;1000 personnes;512.000000
35;2501;511;2014;1000 personnes;518.000000
35;2501;511;2015;1000 personnes;525.000000
35;2501;511;2016;1000 personnes;531.000000
35;2501;511;2017;1000 personnes;537.000000
35;2501;511;2018;1000 personnes;544.000000
35;2501;511;2019;1000 personnes;550.000000
115;2501;511;2010;1000 personnes;14312.000000
115;2501;511;2011;1000 personnes;14541.000000
115;2501;511;2012;1000 personnes;14780.000000
115;2501;511;2013;1000 personnes;15026.000000
115;2501;511;2014;1000 personnes;15275.000000
115;2501;511;2015;1000 personnes;15521.000000
115;2501;511;2016;1000 personnes;15766.000000
115;2501;511;2017;1000 personnes;16009.000000
115;2501;511;2018;1000 personnes;16250.000000
115;2501;511;2019;1000 personnes;16487.000000
32;2501;511;2010;1000 personnes;20341.000000
32;2501;511;2011;1000 personnes;20906.000000
32;2501;511;2012;1000 personnes;21485.000000
32;2501;511;2013;1000 personnes;22077.000000
32;2501;511;2014;1000 personnes;22682.000000
32;2501;511;2015;1000 personnes;23298.000000
32;2501;511;2016;1000 personnes;23927.000000
32;2501;511;2017;1000 personnes;24566.000000
32;2501;511;2018;1000 personnes;25216.000000
32;2501;511;2019;1000 personnes;25876.000000
33;2501;511;2010;1000 personnes;34148.000000
33;2501;511;2011;1000 personnes;34539.000000
33;2501;511;2012;1000 personnes;34922.000000
33;2501;511;2013;1000 personnes;35297.000000
33;2501;511;2014;1000 personnes;35664.000000
33;2501;511;2015;1000 personnes;36027.000000
33;2501;511;2016;1000 personnes;36383.000000
33;2501;511;2017;1000 personnes;36732.000000
33;2501;511;2018;1000 personnes;37075.000000
33;2501;511;2019;1000 personnes;37411.000000
40;2501;511;2010;1000 personnes;17063.000000
40;2501;511;2011;1000 personnes;17234.000000
40;2501;511;2012;1000 personnes;17400.000000
40;2501;511;2013;1000 personnes;17572.000000
40;2501;511;2014;1000 personnes;17759.000000
40;2501;511;2015;1000 personnes;17969.000000
40;2501;511;2016;1000 personnes;18209.000000
40;2501;511;2017;1000 personnes;18470.000000
40;2501;511;2018;1000 personnes;18729.000000
40;2501;511;2019;1000 personnes;18952.000000
351;2501;511;2010;1000 personnes;1399503.000000
351;2501;511;2011;1000 personnes;1407325.000000
351;2501;511;2012;1000 personnes;1415164.000000
351;2501;511;2013;1000 personnes;1422971.000000
351;2501;511;2014;1000 personnes;1430671.000000
351;2501;511;2015;1000 personnes;1438193.000000
351;2501;511;2016;1000 personnes;1445524.000000
351;2501;511;2017;1000 personnes;1452626.000000
351;2501;511;2018;1000 personnes;1459378.000000
351;2501;511;2019;1000 personnes;1465634.000000
96;2501;511;2010;1000 personnes;6966.000000
96;2501;511;2011;1000 personnes;7007.000000
96;2501;511;2012;1000 personnes;7047.000000
96;2501;511;2013;1000 personnes;7089.000000
96;2501;511;2014;1000 personnes;7135.000000
96;2501;511;2015;1000 personnes;7186.000000
96;2501;511;2016;1000 personnes;7244.000000
96;2501;511;2017;1000 personnes;7306.000000
96;2501;511;2018;1000 personnes;7372.000000
96;2501;511;2019;1000 personnes;7436.000000
128;2501;511;2010;1000 personnes;538.000000
128;2501;511;2011;1000 personnes;551.000000
128;2501;511;2012;1000 personnes;564.000000
128;2501;511;2013;1000 personnes;577.000000
128;2501;511;2014;1000 personnes;590.000000
128;2501;511;2015;1000 personnes;602.000000
128;2501;511;2016;1000 personnes;613.000000
128;2501;511;2017;1000 personnes;623.000000
128;2501;511;2018;1000 personnes;632.000000
128;2501;511;2019;1000 personnes;640.000000
41;2501;511;2010;1000 personnes;1368811.000000
41;2501;511;2011;1000 personnes;1376498.000000
41;2501;511;2012;1000 personnes;1384206.000000
41;2501;511;2013;1000 personnes;1391883.000000
41;2501;511;2014;1000 personnes;1399454.000000
41;2501;511;2015;1000 personnes;1406848.000000
41;2501;511;2016;1000 personnes;1414049.000000
41;2501;511;2017;1000 personnes;1421022.000000
41;2501;511;2018;1000 personnes;1427648.000000
41;2501;511;2019;1000 personnes;1433784.000000
214;2501;511;2010;1000 personnes;23188.000000
214;2501;511;2011;1000 personnes;23269.000000
214;2501;511;2012;1000 personnes;23347.000000
214;2501;511;2013;1000 personnes;23422.000000
214;2501;511;2014;1000 personnes;23492.000000
214;2501;511;2015;1000 personnes;23557.000000
214;2501;511;2016;1000 personnes;23618.000000
214;2501;511;2017;1000 personnes;23675.000000
214;2501;511;2018;1000 personnes;23726.000000
214;2501;511;2019;1000 personnes;23774.000000
50;2501;511;2010;1000 personnes;1113.000000
50;2501;511;2011;1000 personnes;1125.000000
50;2501;511;2012;1000 personnes;1135.000000
50;2501;511;2013;1000 personnes;1144.000000
50;2501;511;2014;1000 personnes;1152.000000
50;2501;511;2015;1000 personnes;1161.000000
50;2501;511;2016;1000 personnes;1170.000000
50;2501;511;2017;1000 personnes;1180.000000
50;2501;511;2018;1000 personnes;1189.000000
50;2501;511;2019;1000 personnes;1199.000000
44;2501;511;2010;1000 personnes;45223.000000
44;2501;511;2011;1000 personnes;45663.000000
44;2501;511;2012;1000 personnes;46076.000000
44;2501;511;2013;1000 personnes;46495.000000
44;2501;511;2014;1000 personnes;46968.000000
44;2501;511;2015;1000 personnes;47521.000000
44;2501;511;2016;1000 personnes;48175.000000
44;2501;511;2017;1000 personnes;48910.000000
44;2501;511;2018;1000 personnes;49661.000000
44;2501;511;2019;1000 personnes;50339.000000
45;2501;511;2010;1000 personnes;690.000000
45;2501;511;2011;1000 personnes;707.000000
45;2501;511;2012;1000 personnes;724.000000
45;2501;511;2013;1000 personnes;742.000000
45;2501;511;2014;1000 personnes;759.000000
45;2501;511;2015;1000 personnes;777.000000
45;2501;511;2016;1000 personnes;796.000000
45;2501;511;2017;1000 personnes;814.000000
45;2501;511;2018;1000 personnes;832.000000
45;2501;511;2019;1000 personnes;851.000000
46;2501;511;2010;1000 personnes;4274.000000
46;2501;511;2011;1000 personnes;4395.000000
46;2501;511;2012;1000 personnes;4510.000000
46;2501;511;2013;1000 personnes;4623.000000
46;2501;511;2014;1000 personnes;4737.000000
46;2501;511;2015;1000 personnes;4856.000000
46;2501;511;2016;1000 personnes;4981.000000
46;2501;511;2017;1000 personnes;5111.000000
46;2501;511;2018;1000 personnes;5244.000000
46;2501;511;2019;1000 personnes;5381.000000
48;2501;511;2010;1000 personnes;4577.000000
48;2501;511;2011;1000 personnes;4633.000000
48;2501;511;2012;1000 personnes;4688.000000
48;2501;511;2013;1000 personnes;4742.000000
48;2501;511;2014;1000 personnes;4795.000000
48;2501;511;2015;1000 personnes;4848.000000
48;2501;511;2016;1000 personnes;4899.000000
48;2501;511;2017;1000 personnes;4950.000000
48;2501;511;2018;1000 personnes;4999.000000
48;2501;511;2019;1000 personnes;5048.000000
107;2501;511;2010;1000 personnes;20533.000000
107;2501;511;2011;1000 personnes;21029.000000
107;2501;511;2012;1000 personnes;21547.000000
107;2501;511;2013;1000 personnes;22088.000000
107;2501;511;2014;1000 personnes;22648.000000
107;2501;511;2015;1000 personnes;23226.000000
107;2501;511;2016;1000 personnes;23823.000000
107;2501;511;2017;1000 personnes;24437.000000
107;2501;511;2018;1000 personnes;25069.000000
107;2501;511;2019;1000 personnes;25717.000000
98;2501;511;2010;1000 personnes;4338.000000
98;2501;511;2011;1000 personnes;4324.000000
98;2501;511;2012;1000 personnes;4307.000000
98;2501;511;2013;1000 personnes;4290.000000
98;2501;511;2014;1000 personnes;4256.000000
98;2501;511;2015;1000 personnes;4233.000000
98;2501;511;2016;1000 personnes;4209.000000
98;2501;511;2017;1000 personnes;4183.000000
98;2501;511;2018;1000 personnes;4156.000000
98;2501;511;2019;1000 personnes;4130.000000
49;2501;511;2010;1000 personnes;11226.000000
49;2501;511;2011;1000 personnes;11237.000000
49;2501;511;2012;1000 personnes;11257.000000
49;2501;511;2013;1000 personnes;11283.000000
49;2501;511;2014;1000 personnes;11307.000000
49;2501;511;2015;1000 personnes;11325.000000
49;2501;511;2016;1000 personnes;11335.000000
49;2501;511;2017;1000 personnes;11339.000000
49;2501;511;2018;1000 personnes;11338.000000
49;2501;511;2019;1000 personnes;11333.000000
54;2501;511;2010;1000 personnes;5555.000000
54;2501;511;2011;1000 personnes;5583.000000
54;2501;511;2012;1000 personnes;5611.000000
54;2501;511;2013;1000 personnes;5638.000000
54;2501;511;2014;1000 personnes;5664.000000
54;2501;511;2015;1000 personnes;5689.000000
54;2501;511;2016;1000 personnes;5711.000000
54;2501;511;2017;1000 personnes;5732.000000
54;2501;511;2018;1000 personnes;5752.000000
54;2501;511;2019;1000 personnes;5772.000000
72;2501;511;2010;1000 personnes;840.000000
72;2501;511;2011;1000 personnes;854.000000
72;2501;511;2012;1000 personnes;868.000000
72;2501;511;2013;1000 personnes;883.000000
72;2501;511;2014;1000 personnes;899.000000
72;2501;511;2015;1000 personnes;914.000000
72;2501;511;2016;1000 personnes;929.000000
72;2501;511;2017;1000 personnes;944.000000
72;2501;511;2018;1000 personnes;959.000000
72;2501;511;2019;1000 personnes;974.000000
55;2501;511;2010;1000 personnes;71.000000
55;2501;511;2011;1000 personnes;71.000000
55;2501;511;2012;1000 personnes;71.000000
55;2501;511;2013;1000 personnes;71.000000
55;2501;511;2014;1000 personnes;71.000000
55;2501;511;2015;1000 personnes;71.000000
55;2501;511;2016;1000 personnes;71.000000
55;2501;511;2017;1000 personnes;71.000000
55;2501;511;2018;1000 personnes;72.000000
55;2501;511;2019;1000 personnes;72.000000
59;2501;511;2010;1000 personnes;82761.000000
59;2501;511;2011;1000 personnes;84529.000000
59;2501;511;2012;1000 personnes;86422.000000
59;2501;511;2013;1000 personnes;88405.000000
59;2501;511;2014;1000 personnes;90425.000000
59;2501;511;2015;1000 personnes;92443.000000
59;2501;511;2016;1000 personnes;94447.000000
59;2501;511;2017;1000 personnes;96443.000000
59;2501;511;2018;1000 personnes;98424.000000
59;2501;511;2019;1000 personnes;100388.000000
60;2501;511;2010;1000 personnes;6184.000000
60;2501;511;2011;1000 personnes;6211.000000
60;2501;511;2012;1000 personnes;6238.000000
60;2501;511;2013;1000 personnes;6266.000000
60;2501;511;2014;1000 personnes;6295.000000
60;2501;511;2015;1000 personnes;6325.000000
60;2501;511;2016;1000 personnes;6356.000000
60;2501;511;2017;1000 personnes;6388.000000
60;2501;511;2018;1000 personnes;6421.000000
60;2501;511;2019;1000 personnes;6454.000000
225;2501;511;2010;1000 personnes;8549.990000
225;2501;511;2011;1000 personnes;8946.780000
225;2501;511;2012;1000 personnes;9141.600000
225;2501;511;2013;1000 personnes;9197.910000
225;2501;511;2014;1000 personnes;9214.170000
225;2501;511;2015;1000 personnes;9262.900000
225;2501;511;2016;1000 personnes;9360.980000
225;2501;511;2017;1000 personnes;9487.200000
225;2501;511;2018;1000 personnes;9630.960000
225;2501;511;2019;1000 personnes;9770.530000
58;2501;511;2010;1000 personnes;15011.000000
58;2501;511;2011;1000 personnes;15244.000000
58;2501;511;2012;1000 personnes;15474.000000
58;2501;511;2013;1000 personnes;15707.000000
58;2501;511;2014;1000 personnes;15952.000000
58;2501;511;2015;1000 personnes;16212.000000
58;2501;511;2016;1000 personnes;16491.000000
58;2501;511;2017;1000 personnes;16785.000000
58;2501;511;2018;1000 personnes;17084.000000
58;2501;511;2019;1000 personnes;17374.000000
203;2501;511;2010;1000 personnes;46182.000000
203;2501;511;2011;1000 personnes;46514.000000
203;2501;511;2012;1000 personnes;46755.000000
203;2501;511;2013;1000 personnes;46927.000000
203;2501;511;2014;1000 personnes;46778.000000
203;2501;511;2015;1000 personnes;46672.000000
203;2501;511;2016;1000 personnes;46634.000000
203;2501;511;2017;1000 personnes;46647.000000
203;2501;511;2018;1000 personnes;46693.000000
203;2501;511;2019;1000 personnes;46737.000000
63;2501;511;2010;1000 personnes;1299.000000
63;2501;511;2011;1000 personnes;1294.000000
63;2501;511;2012;1000 personnes;1291.000000
63;2501;511;2013;1000 personnes;1287.000000
63;2501;511;2014;1000 personnes;1316.000000
63;2501;511;2015;1000 personnes;1315.000000
63;2501;511;2016;1000 personnes;1317.000000
63;2501;511;2017;1000 personnes;1319.000000
63;2501;511;2018;1000 personnes;1323.000000
63;2501;511;2019;1000 personnes;1326.000000
209;2501;511;2010;1000 personnes;1065.000000
209;2501;511;2011;1000 personnes;1072.000000
209;2501;511;2012;1000 personnes;1079.000000
209;2501;511;2013;1000 personnes;1087.000000
209;2501;511;2014;1000 personnes;1095.000000
209;2501;511;2015;1000 personnes;1104.000000
209;2501;511;2016;1000 personnes;1114.000000
209;2501;511;2017;1000 personnes;1125.000000
209;2501;511;2018;1000 personnes;1136.000000
209;2501;511;2019;1000 personnes;1148.000000
231;2501;511;2010;1000 personnes;312247.000000
231;2501;511;2011;1000 personnes;314912.000000
231;2501;511;2012;1000 personnes;317505.000000
231;2501;511;2013;1000 personnes;320051.000000
231;2501;511;2014;1000 personnes;318673.000000
231;2501;511;2015;1000 personnes;320878.000000
231;2501;511;2016;1000 personnes;323016.000000
231;2501;511;2017;1000 personnes;325085.000000
231;2501;511;2018;1000 personnes;327096.000000
231;2501;511;2019;1000 personnes;329065.000000
238;2501;511;2010;1000 personnes;87640.000000
238;2501;511;2011;1000 personnes;90140.000000
238;2501;511;2012;1000 personnes;92727.000000
238;2501;511;2013;1000 personnes;95386.000000
238;2501;511;2014;1000 personnes;98094.000000
238;2501;511;2015;1000 personnes;100835.000000
238;2501;511;2016;1000 personnes;103603.000000
238;2501;511;2017;1000 personnes;106400.000000
238;2501;511;2018;1000 personnes;109224.000000
238;2501;511;2019;1000 personnes;112079.000000
185;2501;511;2010;1000 personnes;143618.000000
185;2501;511;2011;1000 personnes;143438.000000
185;2501;511;2012;1000 personnes;143170.000000
185;2501;511;2013;1000 personnes;142834.000000
185;2501;511;2014;1000 personnes;144665.000000
185;2501;511;2015;1000 personnes;144985.000000
185;2501;511;2016;1000 personnes;145275.000000
185;2501;511;2017;1000 personnes;145530.000000
185;2501;511;2018;1000 personnes;145734.000000
185;2501;511;2019;1000 personnes;145872.000000
66;2501;511;2010;1000 personnes;860.000000
66;2501;511;2011;1000 personnes;863.000000
66;2501;511;2012;1000 personnes;865.000000
66;2501;511;2013;1000 personnes;866.000000
66;2501;511;2014;1000 personnes;866.000000
66;2501;511;2015;1000 personnes;869.000000
66;2501;511;2016;1000 personnes;872.000000
66;2501;511;2017;1000 personnes;877.000000
66;2501;511;2018;1000 personnes;883.000000
66;2501;511;2019;1000 personnes;890.000000
67;2501;511;2010;1000 personnes;5366.000000
67;2501;511;2011;1000 personnes;5390.000000
67;2501;511;2012;1000 personnes;5415.000000
67;2501;511;2013;1000 personnes;5439.000000
67;2501;511;2014;1000 personnes;5461.000000
67;2501;511;2015;1000 personnes;5481.000000
67;2501;511;2016;1000 personnes;5498.000000
67;2501;511;2017;1000 personnes;5511.000000
67;2501;511;2018;1000 personnes;5523.000000
67;2501;511;2019;1000 personnes;5532.000000
68;2501;511;2010;1000 personnes;63231.000000
68;2501;511;2011;1000 personnes;63582.000000
68;2501;511;2012;1000 personnes;63937.000000
68;2501;511;2013;1000 personnes;64291.000000
68;2501;511;2014;1000 personnes;66088.000000
68;2501;511;2015;1000 personnes;66356.000000
68;2501;511;2016;1000 personnes;66582.000000
68;2501;511;2017;1000 personnes;66769.000000
68;2501;511;2018;1000 personnes;66931.000000
68;2501;511;2019;1000 personnes;65130.000000
74;2501;511;2010;1000 personnes;1624.000000
74;2501;511;2011;1000 personnes;1685.000000
74;2501;511;2012;1000 personnes;1750.000000
74;2501;511;2013;1000 personnes;1817.000000
74;2501;511;2014;1000 personnes;1884.000000
74;2501;511;2015;1000 personnes;1948.000000
74;2501;511;2016;1000 personnes;2008.000000
74;2501;511;2017;1000 personnes;2065.000000
74;2501;511;2018;1000 personnes;2119.000000
74;2501;511;2019;1000 personnes;2173.000000
75;2501;511;2010;1000 personnes;1793.000000
75;2501;511;2011;1000 personnes;1848.000000
75;2501;511;2012;1000 personnes;1905.000000
75;2501;511;2013;1000 personnes;1964.000000
75;2501;511;2014;1000 personnes;2024.000000
75;2501;511;2015;1000 personnes;2086.000000
75;2501;511;2016;1000 personnes;2149.000000
75;2501;511;2017;1000 personnes;2214.000000
75;2501;511;2018;1000 personnes;2280.000000
75;2501;511;2019;1000 personnes;2348.000000
73;2501;511;2010;1000 personnes;4099.000000
73;2501;511;2011;1000 personnes;4081.000000
73;2501;511;2012;1000 personnes;4064.000000
73;2501;511;2013;1000 personnes;4049.000000
73;2501;511;2014;1000 personnes;4035.000000
73;2501;511;2015;1000 personnes;4024.000000
73;2501;511;2016;1000 personnes;4015.000000
73;2501;511;2017;1000 personnes;4009.000000
73;2501;511;2018;1000 personnes;4003.000000
73;2501;511;2019;1000 personnes;3997.000000
81;2501;511;2010;1000 personnes;24780.000000
81;2501;511;2011;1000 personnes;25388.000000
81;2501;511;2012;1000 personnes;25996.000000
81;2501;511;2013;1000 personnes;26608.000000
81;2501;511;2014;1000 personnes;27224.000000
81;2501;511;2015;1000 personnes;27849.000000
81;2501;511;2016;1000 personnes;28482.000000
81;2501;511;2017;1000 personnes;29121.000000
81;2501;511;2018;1000 personnes;29767.000000
81;2501;511;2019;1000 personnes;30418.000000
84;2501;511;2010;1000 personnes;11110.000000
84;2501;511;2011;1000 personnes;11119.000000
84;2501;511;2012;1000 personnes;11125.000000
84;2501;511;2013;1000 personnes;11128.000000
84;2501;511;2014;1000 personnes;10701.000000
84;2501;511;2015;1000 personnes;10660.000000
84;2501;511;2016;1000 personnes;10615.000000
84;2501;511;2017;1000 personnes;10569.000000
84;2501;511;2018;1000 personnes;10522.000000
84;2501;511;2019;1000 personnes;10473.000000
86;2501;511;2010;1000 personnes;106.000000
86;2501;511;2011;1000 personnes;107.000000
86;2501;511;2012;1000 personnes;107.000000
86;2501;511;2013;1000 personnes;108.000000
86;2501;511;2014;1000 personnes;109.000000
86;2501;511;2015;1000 personnes;110.000000
86;2501;511;2016;1000 personnes;110.000000
86;2501;511;2017;1000 personnes;111.000000
86;2501;511;2018;1000 personnes;111.000000
86;2501;511;2019;1000 personnes;112.000000
89;2501;511;2010;1000 personnes;14630.000000
89;2501;511;2011;1000 personnes;14949.000000
89;2501;511;2012;1000 personnes;15271.000000
89;2501;511;2013;1000 personnes;15596.000000
89;2501;511;2014;1000 personnes;15923.000000
89;2501;511;2015;1000 personnes;16252.000000
89;2501;511;2016;1000 personnes;16583.000000
89;2501;511;2017;1000 personnes;16915.000000
89;2501;511;2018;1000 personnes;17248.000000
89;2501;511;2019;1000 personnes;17581.000000
90;2501;511;2010;1000 personnes;10192.000000
90;2501;511;2011;1000 personnes;10420.000000
90;2501;511;2012;1000 personnes;10652.000000
90;2501;511;2013;1000 personnes;10893.000000
90;2501;511;2014;1000 personnes;11151.000000
90;2501;511;2015;1000 personnes;11432.000000
90;2501;511;2016;1000 personnes;11738.000000
90;2501;511;2017;1000 personnes;12068.000000
90;2501;511;2018;1000 personnes;12414.000000
90;2501;511;2019;1000 personnes;12771.000000
175;2501;511;2010;1000 personnes;1523.000000
175;2501;511;2011;1000 personnes;1563.000000
175;2501;511;2012;1000 personnes;1605.000000
175;2501;511;2013;1000 personnes;1648.000000
175;2501;511;2014;1000 personnes;1692.000000
175;2501;511;2015;1000 personnes;1737.000000
175;2501;511;2016;1000 personnes;1782.000000
175;2501;511;2017;1000 personnes;1828.000000
175;2501;511;2018;1000 personnes;1874.000000
175;2501;511;2019;1000 personnes;1921.000000
91;2501;511;2010;1000 personnes;749.000000
91;2501;511;2011;1000 personnes;752.000000
91;2501;511;2012;1000 personnes;755.000000
91;2501;511;2013;1000 personnes;759.000000
91;2501;511;2014;1000 personnes;763.000000
91;2501;511;2015;1000 personnes;767.000000
91;2501;511;2016;1000 personnes;771.000000
91;2501;511;2017;1000 personnes;775.000000
91;2501;511;2018;1000 personnes;779.000000
91;2501;511;2019;1000 personnes;783.000000
93;2501;511;2010;1000 personnes;9949.000000
93;2501;511;2011;1000 personnes;10100.000000
93;2501;511;2012;1000 personnes;10251.000000
93;2501;511;2013;1000 personnes;10401.000000
93;2501;511;2014;1000 personnes;10549.000000
93;2501;511;2015;1000 personnes;10696.000000
93;2501;511;2016;1000 personnes;10840.000000
93;2501;511;2017;1000 personnes;10982.000000
93;2501;511;2018;1000 personnes;11123.000000
93;2501;511;2019;1000 personnes;11263.000000
95;2501;511;2010;1000 personnes;8317.000000
95;2501;511;2011;1000 personnes;8481.000000
95;2501;511;2012;1000 personnes;8641.000000
95;2501;511;2013;1000 personnes;8799.000000
95;2501;511;2014;1000 personnes;8956.000000
95;2501;511;2015;1000 personnes;9113.000000
95;2501;511;2016;1000 personnes;9271.000000
95;2501;511;2017;1000 personnes;9429.000000
95;2501;511;2018;1000 personnes;9588.000000
95;2501;511;2019;1000 personnes;9746.000000
97;2501;511;2010;1000 personnes;10015.000000
97;2501;511;2011;1000 personnes;9996.000000
97;2501;511;2012;1000 personnes;9976.000000
97;2501;511;2013;1000 personnes;9955.000000
97;2501;511;2014;1000 personnes;9805.000000
97;2501;511;2015;1000 personnes;9778.000000
97;2501;511;2016;1000 personnes;9753.000000
97;2501;511;2017;1000 personnes;9730.000000
97;2501;511;2018;1000 personnes;9707.000000
97;2501;511;2019;1000 personnes;9685.000000
25;2501;511;2010;1000 personnes;528.000000
25;2501;511;2011;1000 personnes;542.000000
25;2501;511;2012;1000 personnes;556.000000
25;2501;511;2013;1000 personnes;571.000000
25;2501;511;2014;1000 personnes;587.000000
25;2501;511;2015;1000 personnes;603.000000
25;2501;511;2016;1000 personnes;619.000000
25;2501;511;2017;1000 personnes;636.000000
25;2501;511;2018;1000 personnes;653.000000
25;2501;511;2019;1000 personnes;670.000000
100;2501;511;2010;1000 personnes;1234281.000000
100;2501;511;2011;1000 personnes;1250288.000000
100;2501;511;2012;1000 personnes;1265780.000000
100;2501;511;2013;1000 personnes;1280842.000000
100;2501;511;2014;1000 personnes;1295601.000000
100;2501;511;2015;1000 personnes;1310152.000000
100;2501;511;2016;1000 personnes;1324517.000000
100;2501;511;2017;1000 personnes;1338677.000000
100;2501;511;2018;1000 personnes;1352642.000000
100;2501;511;2019;1000 personnes;1366418.000000
101;2501;511;2010;1000 personnes;241834.000000
101;2501;511;2011;1000 personnes;245116.000000
101;2501;511;2012;1000 personnes;248452.000000
101;2501;511;2013;1000 personnes;251805.000000
101;2501;511;2014;1000 personnes;255128.000000
101;2501;511;2015;1000 personnes;258383.000000
101;2501;511;2016;1000 personnes;261556.000000
101;2501;511;2017;1000 personnes;264651.000000
101;2501;511;2018;1000 personnes;267671.000000
101;2501;511;2019;1000 personnes;270626.000000
102;2501;511;2010;1000 personnes;73763.000000
102;2501;511;2011;1000 personnes;74635.000000
102;2501;511;2012;1000 personnes;75540.000000
102;2501;511;2013;1000 personnes;76482.000000
102;2501;511;2014;1000 personnes;77466.000000
102;2501;511;2015;1000 personnes;78492.000000
102;2501;511;2016;1000 personnes;79564.000000
102;2501;511;2017;1000 personnes;80674.000000
102;2501;511;2018;1000 personnes;81800.000000
102;2501;511;2019;1000 personnes;82914.000000
103;2501;511;2010;1000 personnes;25510.000000
103;2501;511;2011;1000 personnes;26354.000000
103;2501;511;2012;1000 personnes;27353.000000
103;2501;511;2013;1000 personnes;28439.000000
103;2501;511;2014;1000 personnes;29516.000000
103;2501;511;2015;1000 personnes;30511.000000
103;2501;511;2016;1000 personnes;31402.000000
103;2501;511;2017;1000 personnes;32210.000000
103;2501;511;2018;1000 personnes;32965.000000
103;2501;511;2019;1000 personnes;33717.000000
104;2501;511;2010;1000 personnes;4468.000000
104;2501;511;2011;1000 personnes;4523.000000
104;2501;511;2012;1000 personnes;4576.000000
104;2501;511;2013;1000 personnes;4627.000000
104;2501;511;2014;1000 personnes;4627.000000
104;2501;511;2015;1000 personnes;4652.000000
104;2501;511;2016;1000 personnes;4696.000000
104;2501;511;2017;1000 personnes;4753.000000
104;2501;511;2018;1000 personnes;4819.000000
104;2501;511;2019;1000 personnes;4882.000000
99;2501;511;2010;1000 personnes;320.000000
99;2501;511;2011;1000 personnes;323.000000
99;2501;511;2012;1000 personnes;326.000000
99;2501;511;2013;1000 personnes;327.000000
99;2501;511;2014;1000 personnes;329.000000
99;2501;511;2015;1000 personnes;330.000000
99;2501;511;2016;1000 personnes;332.000000
99;2501;511;2017;1000 personnes;334.000000
99;2501;511;2018;1000 personnes;337.000000
99;2501;511;2019;1000 personnes;339.000000
105;2501;511;2010;1000 personnes;7346.000000
105;2501;511;2011;1000 personnes;7487.000000
105;2501;511;2012;1000 personnes;7615.000000
105;2501;511;2013;1000 personnes;7735.000000
105;2501;511;2014;1000 personnes;7854.000000
105;2501;511;2015;1000 personnes;7978.000000
105;2501;511;2016;1000 personnes;8109.000000
105;2501;511;2017;1000 personnes;8244.000000
105;2501;511;2018;1000 personnes;8382.000000
105;2501;511;2019;1000 personnes;8519.000000
106;2501;511;2010;1000 personnes;60509.000000
106;2501;511;2011;1000 personnes;60729.000000
106;2501;511;2012;1000 personnes;60885.000000
106;2501;511;2013;1000 personnes;60990.000000
106;2501;511;2014;1000 personnes;60410.000000
106;2501;511;2015;1000 personnes;60578.000000
106;2501;511;2016;1000 personnes;60663.000000
106;2501;511;2017;1000 personnes;60674.000000
106;2501;511;2018;1000 personnes;60627.000000
106;2501;511;2019;1000 personnes;60550.000000
109;2501;511;2010;1000 personnes;2810.000000
109;2501;511;2011;1000 personnes;2826.000000
109;2501;511;2012;1000 personnes;2842.000000
109;2501;511;2013;1000 personnes;2859.000000
109;2501;511;2014;1000 personnes;2875.000000
109;2501;511;2015;1000 personnes;2891.000000
109;2501;511;2016;1000 personnes;2906.000000
109;2501;511;2017;1000 personnes;2921.000000
109;2501;511;2018;1000 personnes;2935.000000
109;2501;511;2019;1000 personnes;2948.000000
110;2501;511;2010;1000 personnes;128542.000000
110;2501;511;2011;1000 personnes;128499.000000
110;2501;511;2012;1000 personnes;128424.000000
110;2501;511;2013;1000 personnes;128314.000000
110;2501;511;2014;1000 personnes;128169.000000
110;2501;511;2015;1000 personnes;127985.000000
110;2501;511;2016;1000 personnes;127763.000000
110;2501;511;2017;1000 personnes;127503.000000
110;2501;511;2018;1000 personnes;127202.000000
110;2501;511;2019;1000 personnes;126860.000000
112;2501;511;2010;1000 personnes;7262.000000
112;2501;511;2011;1000 personnes;7663.000000
112;2501;511;2012;1000 personnes;8090.000000
112;2501;511;2013;1000 personnes;8519.000000
112;2501;511;2014;1000 personnes;8919.000000
112;2501;511;2015;1000 personnes;9267.000000
112;2501;511;2016;1000 personnes;9554.000000
112;2501;511;2017;1000 personnes;9786.000000
112;2501;511;2018;1000 personnes;9965.000000
112;2501;511;2019;1000 personnes;10102.000000
108;2501;511;2010;1000 personnes;16252.000000
108;2501;511;2011;1000 personnes;16491.000000
108;2501;511;2012;1000 personnes;16752.000000
108;2501;511;2013;1000 personnes;17026.000000
108;2501;511;2014;1000 personnes;17303.000000
108;2501;511;2015;1000 personnes;17572.000000
108;2501;511;2016;1000 personnes;17831.000000
108;2501;511;2017;1000 personnes;18080.000000
108;2501;511;2018;1000 personnes;18320.000000
108;2501;511;2019;1000 personnes;18551.000000
114;2501;511;2010;1000 personnes;42031.000000
114;2501;511;2011;1000 personnes;43178.000000
114;2501;511;2012;1000 personnes;44343.000000
114;2501;511;2013;1000 personnes;45520.000000
114;2501;511;2014;1000 personnes;46700.000000
114;2501;511;2015;1000 personnes;47878.000000
114;2501;511;2016;1000 personnes;49052.000000
114;2501;511;2017;1000 personnes;50221.000000
114;2501;511;2018;1000 personnes;51393.000000
114;2501;511;2019;1000 personnes;52574.000000
113;2501;511;2010;1000 personnes;5422.000000
113;2501;511;2011;1000 personnes;5518.000000
113;2501;511;2012;1000 personnes;5622.000000
113;2501;511;2013;1000 personnes;5731.000000
113;2501;511;2014;1000 personnes;5845.000000
113;2501;511;2015;1000 personnes;5959.000000
113;2501;511;2016;1000 personnes;6074.000000
113;2501;511;2017;1000 personnes;6190.000000
113;2501;511;2018;1000 personnes;6304.000000
113;2501;511;2019;1000 personnes;6416.000000
83;2501;511;2010;1000 personnes;103.000000
83;2501;511;2011;1000 personnes;105.000000
83;2501;511;2012;1000 personnes;106.000000
83;2501;511;2013;1000 personnes;108.000000
83;2501;511;2014;1000 personnes;109.000000
83;2501;511;2015;1000 personnes;111.000000
83;2501;511;2016;1000 personnes;113.000000
83;2501;511;2017;1000 personnes;114.000000
83;2501;511;2018;1000 personnes;116.000000
83;2501;511;2019;1000 personnes;118.000000
118;2501;511;2010;1000 personnes;2992.000000
118;2501;511;2011;1000 personnes;3168.000000
118;2501;511;2012;1000 personnes;3349.000000
118;2501;511;2013;1000 personnes;3526.000000
118;2501;511;2014;1000 personnes;3691.000000
118;2501;511;2015;1000 personnes;3836.000000
118;2501;511;2016;1000 personnes;3957.000000
118;2501;511;2017;1000 personnes;4056.000000
118;2501;511;2018;1000 personnes;4137.000000
118;2501;511;2019;1000 personnes;4207.000000
122;2501;511;2010;1000 personnes;1996.000000
122;2501;511;2011;1000 personnes;2004.000000
122;2501;511;2012;1000 personnes;2015.000000
122;2501;511;2013;1000 personnes;2029.000000
122;2501;511;2014;1000 personnes;2043.000000
122;2501;511;2015;1000 personnes;2059.000000
122;2501;511;2016;1000 personnes;2075.000000
122;2501;511;2017;1000 personnes;2092.000000
122;2501;511;2018;1000 personnes;2108.000000
122;2501;511;2019;1000 personnes;2125.000000
119;2501;511;2010;1000 personnes;2091.000000
119;2501;511;2011;1000 personnes;2073.000000
119;2501;511;2012;1000 personnes;2060.000000
119;2501;511;2013;1000 personnes;2050.000000
119;2501;511;2014;1000 personnes;2021.000000
119;2501;511;2015;1000 personnes;1998.000000
119;2501;511;2016;1000 personnes;1974.000000
119;2501;511;2017;1000 personnes;1951.000000
119;2501;511;2018;1000 personnes;1928.000000
119;2501;511;2019;1000 personnes;1907.000000
121;2501;511;2010;1000 personnes;4953.000000
121;2501;511;2011;1000 personnes;5202.000000
121;2501;511;2012;1000 personnes;5538.000000
121;2501;511;2013;1000 personnes;5913.000000
121;2501;511;2014;1000 personnes;6261.000000
121;2501;511;2015;1000 personnes;6533.000000
121;2501;511;2016;1000 personnes;6714.000000
121;2501;511;2017;1000 personnes;6819.000000
121;2501;511;2018;1000 personnes;6859.000000
121;2501;511;2019;1000 personnes;6856.000000
123;2501;511;2010;1000 personnes;3891.000000
123;2501;511;2011;1000 personnes;4017.000000
123;2501;511;2012;1000 personnes;4136.000000
123;2501;511;2013;1000 personnes;4248.000000
123;2501;511;2014;1000 personnes;4360.000000
123;2501;511;2015;1000 personnes;4472.000000
123;2501;511;2016;1000 personnes;4587.000000
123;2501;511;2017;1000 personnes;4702.000000
123;2501;511;2018;1000 personnes;4819.000000
123;2501;511;2019;1000 personnes;4937.000000
124;2501;511;2010;1000 personnes;6198.000000
124;2501;511;2011;1000 personnes;6247.000000
124;2501;511;2012;1000 personnes;6286.000000
124;2501;511;2013;1000 personnes;6320.000000
124;2501;511;2014;1000 personnes;6362.000000
124;2501;511;2015;1000 personnes;6418.000000
124;2501;511;2016;1000 personnes;6492.000000
124;2501;511;2017;1000 personnes;6581.000000
124;2501;511;2018;1000 personnes;6679.000000
124;2501;511;2019;1000 personnes;6777.000000
126;2501;511;2010;1000 personnes;3068.000000
126;2501;511;2011;1000 personnes;3044.000000
126;2501;511;2012;1000 personnes;3028.000000
126;2501;511;2013;1000 personnes;3017.000000
126;2501;511;2014;1000 personnes;2971.000000
126;2501;511;2015;1000 personnes;2932.000000
126;2501;511;2016;1000 personnes;2890.000000
126;2501;511;2017;1000 personnes;2845.000000
126;2501;511;2018;1000 personnes;2801.000000
126;2501;511;2019;1000 personnes;2760.000000
256;2501;511;2010;1000 personnes;508.000000
256;2501;511;2011;1000 personnes;516.000000
256;2501;511;2012;1000 personnes;524.000000
256;2501;511;2013;1000 personnes;530.000000
256;2501;511;2014;1000 personnes;555.000000
256;2501;511;2015;1000 personnes;567.000000
256;2501;511;2016;1000 personnes;579.000000
256;2501;511;2017;1000 personnes;592.000000
256;2501;511;2018;1000 personnes;604.000000
256;2501;511;2019;1000 personnes;616.000000
154;2501;511;2010;1000 personnes;2102.000000
154;2501;511;2011;1000 personnes;2104.000000
154;2501;511;2012;1000 personnes;2106.000000
154;2501;511;2013;1000 personnes;2107.000000
154;2501;511;2014;1000 personnes;2078.000000
154;2501;511;2015;1000 personnes;2079.000000
154;2501;511;2016;1000 personnes;2081.000000
154;2501;511;2017;1000 personnes;2082.000000
154;2501;511;2018;1000 personnes;2083.000000
154;2501;511;2019;1000 personnes;2083.000000
129;2501;511;2010;1000 personnes;21152.000000
129;2501;511;2011;1000 personnes;21744.000000
129;2501;511;2012;1000 personnes;22347.000000
129;2501;511;2013;1000 personnes;22961.000000
129;2501;511;2014;1000 personnes;23590.000000
129;2501;511;2015;1000 personnes;24234.000000
129;2501;511;2016;1000 personnes;24894.000000
129;2501;511;2017;1000 personnes;25571.000000
129;2501;511;2018;1000 personnes;26262.000000
129;2501;511;2019;1000 personnes;26969.000000
131;2501;511;2010;1000 personnes;28208.000000
131;2501;511;2011;1000 personnes;28651.000000
131;2501;511;2012;1000 personnes;29068.000000
131;2501;511;2013;1000 personnes;29469.000000
131;2501;511;2014;1000 personnes;29867.000000
131;2501;511;2015;1000 personnes;30271.000000
131;2501;511;2016;1000 personnes;30685.000000
131;2501;511;2017;1000 personnes;31105.000000
131;2501;511;2018;1000 personnes;31528.000000
131;2501;511;2019;1000 personnes;31950.000000
130;2501;511;2010;1000 personnes;14540.000000
130;2501;511;2011;1000 personnes;14962.000000
130;2501;511;2012;1000 personnes;15396.000000
130;2501;511;2013;1000 personnes;15839.000000
130;2501;511;2014;1000 personnes;16290.000000
130;2501;511;2015;1000 personnes;16745.000000
130;2501;511;2016;1000 personnes;17205.000000
130;2501;511;2017;1000 personnes;17670.000000
130;2501;511;2018;1000 personnes;18143.000000
130;2501;511;2019;1000 personnes;18629.000000
132;2501;511;2010;1000 personnes;366.000000
132;2501;511;2011;1000 personnes;380.000000
132;2501;511;2012;1000 personnes;397.000000
132;2501;511;2013;1000 personnes;416.000000
132;2501;511;2014;1000 personnes;435.000000
132;2501;511;2015;1000 personnes;455.000000
132;2501;511;2016;1000 personnes;476.000000
132;2501;511;2017;1000 personnes;496.000000
132;2501;511;2018;1000 personnes;516.000000
132;2501;511;2019;1000 personnes;531.000000
133;2501;511;2010;1000 personnes;15049.000000
133;2501;511;2011;1000 personnes;15515.000000
133;2501;511;2012;1000 personnes;15979.000000
133;2501;511;2013;1000 personnes;16450.000000
133;2501;511;2014;1000 personnes;16934.000000
133;2501;511;2015;1000 personnes;17439.000000
133;2501;511;2016;1000 personnes;17965.000000
133;2501;511;2017;1000 personnes;18512.000000
133;2501;511;2018;1000 personnes;19078.000000
133;2501;511;2019;1000 personnes;19658.000000
134;2501;511;2010;1000 personnes;425.000000
134;2501;511;2011;1000 personnes;426.000000
134;2501;511;2012;1000 personnes;428.000000
134;2501;511;2013;1000 personnes;429.000000
134;2501;511;2014;1000 personnes;430.000000
134;2501;511;2015;1000 personnes;434.000000
134;2501;511;2016;1000 personnes;436.000000
134;2501;511;2017;1000 personnes;438.000000
134;2501;511;2018;1000 personnes;439.000000
134;2501;511;2019;1000 personnes;440.000000
143;2501;511;2010;1000 personnes;32343.000000
143;2501;511;2011;1000 personnes;32782.000000
143;2501;511;2012;1000 personnes;33242.000000
143;2501;511;2013;1000 personnes;33716.000000
143;2501;511;2014;1000 personnes;34192.000000
143;2501;511;2015;1000 personnes;34664.000000
143;2501;511;2016;1000 personnes;35126.000000
143;2501;511;2017;1000 personnes;35581.000000
143;2501;511;2018;1000 personnes;36029.000000
143;2501;511;2019;1000 personnes;36472.000000
137;2501;511;2010;1000 personnes;1248.000000
137;2501;511;2011;1000 personnes;1251.000000
137;2501;511;2012;1000 personnes;1253.000000
137;2501;511;2013;1000 personnes;1255.000000
137;2501;511;2014;1000 personnes;1257.000000
137;2501;511;2015;1000 personnes;1259.000000
137;2501;511;2016;1000 personnes;1262.000000
137;2501;511;2017;1000 personnes;1264.000000
137;2501;511;2018;1000 personnes;1267.000000
137;2501;511;2019;1000 personnes;1270.000000
136;2501;511;2010;1000 personnes;3494.000000
136;2501;511;2011;1000 personnes;3599.000000
136;2501;511;2012;1000 personnes;3707.000000
136;2501;511;2013;1000 personnes;3817.000000
136;2501;511;2014;1000 personnes;3931.000000
136;2501;511;2015;1000 personnes;4046.000000
136;2501;511;2016;1000 personnes;4164.000000
136;2501;511;2017;1000 personnes;4283.000000
136;2501;511;2018;1000 personnes;4403.000000
136;2501;511;2019;1000 personnes;4526.000000
138;2501;511;2010;1000 personnes;114093.000000
138;2501;511;2011;1000 personnes;115695.000000
138;2501;511;2012;1000 personnes;117274.000000
138;2501;511;2013;1000 personnes;118827.000000
138;2501;511;2014;1000 personnes;120355.000000
138;2501;511;2015;1000 personnes;121858.000000
138;2501;511;2016;1000 personnes;123333.000000
138;2501;511;2017;1000 personnes;124777.000000
138;2501;511;2018;1000 personnes;126191.000000
138;2501;511;2019;1000 personnes;127576.000000
141;2501;511;2010;1000 personnes;2720.000000
141;2501;511;2011;1000 personnes;2770.000000
141;2501;511;2012;1000 personnes;2825.000000
141;2501;511;2013;1000 personnes;2882.000000
141;2501;511;2014;1000 personnes;2940.000000
141;2501;511;2015;1000 personnes;2998.000000
141;2501;511;2016;1000 personnes;3056.000000
141;2501;511;2017;1000 personnes;3114.000000
141;2501;511;2018;1000 personnes;3170.000000
141;2501;511;2019;1000 personnes;3225.000000
273;2501;511;2010;1000 personnes;624.000000
273;2501;511;2011;1000 personnes;625.000000
273;2501;511;2012;1000 personnes;626.000000
273;2501;511;2013;1000 personnes;626.000000
273;2501;511;2014;1000 personnes;627.000000
273;2501;511;2015;1000 personnes;627.000000
273;2501;511;2016;1000 personnes;627.000000
273;2501;511;2017;1000 personnes;628.000000
273;2501;511;2018;1000 personnes;628.000000
273;2501;511;2019;1000 personnes;628.000000
144;2501;511;2010;1000 personnes;23532.000000
144;2501;511;2011;1000 personnes;24187.000000
144;2501;511;2012;1000 personnes;24863.000000
144;2501;511;2013;1000 personnes;25561.000000
144;2501;511;2014;1000 personnes;26286.000000
144;2501;511;2015;1000 personnes;27042.000000
144;2501;511;2016;1000 personnes;27830.000000
144;2501;511;2017;1000 personnes;28649.000000
144;2501;511;2018;1000 personnes;29496.000000
144;2501;511;2019;1000 personnes;30366.000000
28;2501;511;2010;1000 personnes;50601.000000
28;2501;511;2011;1000 personnes;50991.000000
28;2501;511;2012;1000 personnes;51414.000000
28;2501;511;2013;1000 personnes;51852.000000
28;2501;511;2014;1000 personnes;52281.000000
28;2501;511;2015;1000 personnes;52681.000000
28;2501;511;2016;1000 personnes;53045.000000
28;2501;511;2017;1000 personnes;53383.000000
28;2501;511;2018;1000 personnes;53708.000000
28;2501;511;2019;1000 personnes;54045.000000
147;2501;511;2010;1000 personnes;2119.000000
147;2501;511;2011;1000 personnes;2157.000000
147;2501;511;2012;1000 personnes;2195.000000
147;2501;511;2013;1000 personnes;2234.000000
147;2501;511;2014;1000 personnes;2273.000000
147;2501;511;2015;1000 personnes;2315.000000
147;2501;511;2016;1000 personnes;2358.000000
147;2501;511;2017;1000 personnes;2403.000000
147;2501;511;2018;1000 personnes;2448.000000
147;2501;511;2019;1000 personnes;2495.000000
149;2501;511;2010;1000 personnes;27013.000000
149;2501;511;2011;1000 personnes;27041.000000
149;2501;511;2012;1000 personnes;26989.000000
149;2501;511;2013;1000 personnes;26917.000000
149;2501;511;2014;1000 personnes;26906.000000
149;2501;511;2015;1000 personnes;27015.000000
149;2501;511;2016;1000 personnes;27263.000000
149;2501;511;2017;1000 personnes;27633.000000
149;2501;511;2018;1000 personnes;28096.000000
149;2501;511;2019;1000 personnes;28609.000000
157;2501;511;2010;1000 personnes;5824.000000
157;2501;511;2011;1000 personnes;5903.000000
157;2501;511;2012;1000 personnes;5983.000000
157;2501;511;2013;1000 personnes;6062.000000
157;2501;511;2014;1000 personnes;6143.000000
157;2501;511;2015;1000 personnes;6223.000000
157;2501;511;2016;1000 personnes;6304.000000
157;2501;511;2017;1000 personnes;6385.000000
157;2501;511;2018;1000 personnes;6466.000000
157;2501;511;2019;1000 personnes;6546.000000
158;2501;511;2010;1000 personnes;16464.000000
158;2501;511;2011;1000 personnes;17115.000000
158;2501;511;2012;1000 personnes;17795.000000
158;2501;511;2013;1000 personnes;18504.000000
158;2501;511;2014;1000 personnes;19240.000000
158;2501;511;2015;1000 personnes;20002.000000
158;2501;511;2016;1000 personnes;20789.000000
158;2501;511;2017;1000 personnes;21602.000000
158;2501;511;2018;1000 personnes;22443.000000
158;2501;511;2019;1000 personnes;23311.000000
159;2501;511;2010;1000 personnes;158503.000000
159;2501;511;2011;1000 personnes;162805.000000
159;2501;511;2012;1000 personnes;167229.000000
159;2501;511;2013;1000 personnes;171766.000000
159;2501;511;2014;1000 personnes;176405.000000
159;2501;511;2015;1000 personnes;181137.000000
159;2501;511;2016;1000 personnes;185960.000000
159;2501;511;2017;1000 personnes;190873.000000
159;2501;511;2018;1000 personnes;195875.000000
159;2501;511;2019;1000 personnes;200964.000000
162;2501;511;2010;1000 personnes;4886.000000
162;2501;511;2011;1000 personnes;4948.000000
162;2501;511;2012;1000 personnes;5014.000000
162;2501;511;2013;1000 personnes;5079.000000
162;2501;511;2014;1000 personnes;5142.000000
162;2501;511;2015;1000 personnes;5200.000000
162;2501;511;2016;1000 personnes;5251.000000
162;2501;511;2017;1000 personnes;5296.000000
162;2501;511;2018;1000 personnes;5338.000000
162;2501;511;2019;1000 personnes;5379.000000
153;2501;511;2010;1000 personnes;254.000000
153;2501;511;2011;1000 personnes;257.000000
153;2501;511;2012;1000 personnes;261.000000
153;2501;511;2013;1000 personnes;264.000000
153;2501;511;2014;1000 personnes;268.000000
153;2501;511;2015;1000 personnes;271.000000
153;2501;511;2016;1000 personnes;274.000000
153;2501;511;2017;1000 personnes;277.000000
153;2501;511;2018;1000 personnes;280.000000
153;2501;511;2019;1000 personnes;283.000000
156;2501;511;2010;1000 personnes;4370.000000
156;2501;511;2011;1000 personnes;4419.000000
156;2501;511;2012;1000 personnes;4468.000000
156;2501;511;2013;1000 personnes;4519.000000
156;2501;511;2014;1000 personnes;4568.000000
156;2501;511;2015;1000 personnes;4615.000000
156;2501;511;2016;1000 personnes;4659.000000
156;2501;511;2017;1000 personnes;4702.000000
156;2501;511;2018;1000 personnes;4743.000000
156;2501;511;2019;1000 personnes;4783.000000
221;2501;511;2010;1000 personnes;3041.000000
221;2501;511;2011;1000 personnes;3251.000000
221;2501;511;2012;1000 personnes;3498.000000
221;2501;511;2013;1000 personnes;3765.000000
221;2501;511;2014;1000 personnes;4027.000000
221;2501;511;2015;1000 personnes;4267.000000
221;2501;511;2016;1000 personnes;4479.000000
221;2501;511;2017;1000 personnes;4666.000000
221;2501;511;2018;1000 personnes;4829.000000
221;2501;511;2019;1000 personnes;4975.000000
226;2501;511;2010;1000 personnes;32428.000000
226;2501;511;2011;1000 personnes;33477.000000
226;2501;511;2012;1000 personnes;34559.000000
226;2501;511;2013;1000 personnes;35695.000000
226;2501;511;2014;1000 personnes;36912.000000
226;2501;511;2015;1000 personnes;38225.000000
226;2501;511;2016;1000 personnes;39649.000000
226;2501;511;2017;1000 personnes;41167.000000
226;2501;511;2018;1000 personnes;42729.000000
226;2501;511;2019;1000 personnes;44270.000000
235;2501;511;2010;1000 personnes;28516.000000
235;2501;511;2011;1000 personnes;28977.000000
235;2501;511;2012;1000 personnes;29449.000000
235;2501;511;2013;1000 personnes;29933.000000
235;2501;511;2014;1000 personnes;30426.000000
235;2501;511;2015;1000 personnes;30930.000000
235;2501;511;2016;1000 personnes;31442.000000
235;2501;511;2017;1000 personnes;31960.000000
235;2501;511;2018;1000 personnes;32476.000000
235;2501;511;2019;1000 personnes;32982.000000
165;2501;511;2010;1000 personnes;179425.000000
165;2501;511;2011;1000 personnes;183340.000000
165;2501;511;2012;1000 personnes;187280.000000
165;2501;511;2013;1000 personnes;191261.000000
165;2501;511;2014;1000 personnes;195305.000000
165;2501;511;2015;1000 personnes;199427.000000
165;2501;511;2016;1000 personnes;203631.000000
165;2501;511;2017;1000 personnes;207906.000000
165;2501;511;2018;1000 personnes;212228.000000
165;2501;511;2019;1000 personnes;216565.000000
166;2501;511;2010;1000 personnes;3643.000000
166;2501;511;2011;1000 personnes;3706.000000
166;2501;511;2012;1000 personnes;3771.000000
166;2501;511;2013;1000 personnes;3835.000000
166;2501;511;2014;1000 personnes;3901.000000
166;2501;511;2015;1000 personnes;3968.000000
166;2501;511;2016;1000 personnes;4037.000000
166;2501;511;2017;1000 personnes;4107.000000
166;2501;511;2018;1000 personnes;4177.000000
166;2501;511;2019;1000 personnes;4246.000000
168;2501;511;2010;1000 personnes;7311.000000
168;2501;511;2011;1000 personnes;7472.000000
168;2501;511;2012;1000 personnes;7631.000000
168;2501;511;2013;1000 personnes;7788.000000
168;2501;511;2014;1000 personnes;7947.000000
168;2501;511;2015;1000 personnes;8108.000000
168;2501;511;2016;1000 personnes;8272.000000
168;2501;511;2017;1000 personnes;8438.000000
168;2501;511;2018;1000 personnes;8606.000000
168;2501;511;2019;1000 personnes;8776.000000
169;2501;511;2010;1000 personnes;6248.000000
169;2501;511;2011;1000 personnes;6334.000000
169;2501;511;2012;1000 personnes;6422.000000
169;2501;511;2013;1000 personnes;6510.000000
169;2501;511;2014;1000 personnes;6600.000000
169;2501;511;2015;1000 personnes;6689.000000
169;2501;511;2016;1000 personnes;6778.000000
169;2501;511;2017;1000 personnes;6867.000000
169;2501;511;2018;1000 personnes;6956.000000
169;2501;511;2019;1000 personnes;7045.000000
150;2501;511;2010;1000 personnes;16615.000000
150;2501;511;2011;1000 personnes;16666.000000
150;2501;511;2012;1000 personnes;16714.000000
150;2501;511;2013;1000 personnes;16759.000000
150;2501;511;2014;1000 personnes;16893.000000
150;2501;511;2015;1000 personnes;16938.000000
150;2501;511;2016;1000 personnes;16981.000000
150;2501;511;2017;1000 personnes;17021.000000
150;2501;511;2018;1000 personnes;17060.000000
150;2501;511;2019;1000 personnes;17097.000000
170;2501;511;2010;1000 personnes;29028.000000
170;2501;511;2011;1000 personnes;29264.000000
170;2501;511;2012;1000 personnes;29507.000000
170;2501;511;2013;1000 personnes;29774.000000
170;2501;511;2014;1000 personnes;30090.000000
170;2501;511;2015;1000 personnes;30471.000000
170;2501;511;2016;1000 personnes;30926.000000
170;2501;511;2017;1000 personnes;31444.000000
170;2501;511;2018;1000 personnes;31989.000000
170;2501;511;2019;1000 personnes;32510.000000
171;2501;511;2010;1000 personnes;93967.000000
171;2501;511;2011;1000 personnes;95570.000000
171;2501;511;2012;1000 personnes;97213.000000
171;2501;511;2013;1000 personnes;98872.000000
171;2501;511;2014;1000 personnes;100513.000000
171;2501;511;2015;1000 personnes;102113.000000
171;2501;511;2016;1000 personnes;103664.000000
171;2501;511;2017;1000 personnes;105173.000000
171;2501;511;2018;1000 personnes;106651.000000
171;2501;511;2019;1000 personnes;108117.000000
173;2501;511;2010;1000 personnes;38330.000000
173;2501;511;2011;1000 personnes;38287.000000
173;2501;511;2012;1000 personnes;38227.000000
173;2501;511;2013;1000 personnes;38158.000000
173;2501;511;2014;1000 personnes;38091.000000
173;2501;511;2015;1000 personnes;38034.000000
173;2501;511;2016;1000 personnes;37989.000000
173;2501;511;2017;1000 personnes;37953.000000
173;2501;511;2018;1000 personnes;37922.000000
173;2501;511;2019;1000 personnes;37888.000000
70;2501;511;2010;1000 personnes;266.000000
70;2501;511;2011;1000 personnes;268.000000
70;2501;511;2012;1000 personnes;269.000000
70;2501;511;2013;1000 personnes;270.000000
70;2501;511;2014;1000 personnes;272.000000
70;2501;511;2015;1000 personnes;273.000000
70;2501;511;2016;1000 personnes;275.000000
70;2501;511;2017;1000 personnes;276.000000
70;2501;511;2018;1000 personnes;278.000000
70;2501;511;2019;1000 personnes;279.000000
174;2501;511;2010;1000 personnes;10596.000000
174;2501;511;2011;1000 personnes;10569.000000
174;2501;511;2012;1000 personnes;10526.000000
174;2501;511;2013;1000 personnes;10473.000000
174;2501;511;2014;1000 personnes;10418.000000
174;2501;511;2015;1000 personnes;10368.000000
174;2501;511;2016;1000 personnes;10326.000000
174;2501;511;2017;1000 personnes;10289.000000
174;2501;511;2018;1000 personnes;10256.000000
174;2501;511;2019;1000 personnes;10226.000000
212;2501;511;2010;1000 personnes;21363.000000
212;2501;511;2011;1000 personnes;21082.000000
212;2501;511;2012;1000 personnes;20439.000000
212;2501;511;2013;1000 personnes;19578.000000
212;2501;511;2014;1000 personnes;18711.000000
212;2501;511;2015;1000 personnes;17997.000000
212;2501;511;2016;1000 personnes;17466.000000
212;2501;511;2017;1000 personnes;17096.000000
212;2501;511;2018;1000 personnes;16945.000000
212;2501;511;2019;1000 personnes;17070.000000
37;2501;511;2010;1000 personnes;4387.000000
37;2501;511;2011;1000 personnes;4419.000000
37;2501;511;2012;1000 personnes;4436.000000
37;2501;511;2013;1000 personnes;4448.000000
37;2501;511;2014;1000 personnes;4464.000000
37;2501;511;2015;1000 personnes;4493.000000
37;2501;511;2016;1000 personnes;4538.000000
37;2501;511;2017;1000 personnes;4596.000000
37;2501;511;2018;1000 personnes;4666.000000
37;2501;511;2019;1000 personnes;4745.000000
117;2501;511;2010;1000 personnes;49546.000000
117;2501;511;2011;1000 personnes;49786.000000
117;2501;511;2012;1000 personnes;50061.000000
117;2501;511;2013;1000 personnes;50346.000000
117;2501;511;2014;1000 personnes;50608.000000
117;2501;511;2015;1000 personnes;50823.000000
117;2501;511;2016;1000 personnes;50983.000000
117;2501;511;2017;1000 personnes;51096.000000
117;2501;511;2018;1000 personnes;51172.000000
117;2501;511;2019;1000 personnes;51225.000000
146;2501;511;2010;1000 personnes;4086.000000
146;2501;511;2011;1000 personnes;4079.000000
146;2501;511;2012;1000 personnes;4076.000000
146;2501;511;2013;1000 personnes;4075.000000
146;2501;511;2014;1000 personnes;4073.000000
146;2501;511;2015;1000 personnes;4071.000000
146;2501;511;2016;1000 personnes;4066.000000
146;2501;511;2017;1000 personnes;4060.000000
146;2501;511;2018;1000 personnes;4052.000000
146;2501;511;2019;1000 personnes;4043.000000
250;2501;511;2010;1000 personnes;64564.000000
250;2501;511;2011;1000 personnes;66755.000000
250;2501;511;2012;1000 personnes;69021.000000
250;2501;511;2013;1000 personnes;71359.000000
250;2501;511;2014;1000 personnes;73767.000000
250;2501;511;2015;1000 personnes;76245.000000
250;2501;511;2016;1000 personnes;78789.000000
250;2501;511;2017;1000 personnes;81399.000000
250;2501;511;2018;1000 personnes;84068.000000
250;2501;511;2019;1000 personnes;86791.000000
120;2501;511;2010;1000 personnes;6249.000000
120;2501;511;2011;1000 personnes;6348.000000
120;2501;511;2012;1000 personnes;6445.000000
120;2501;511;2013;1000 personnes;6541.000000
120;2501;511;2014;1000 personnes;6640.000000
120;2501;511;2015;1000 personnes;6741.000000
120;2501;511;2016;1000 personnes;6846.000000
120;2501;511;2017;1000 personnes;6953.000000
120;2501;511;2018;1000 personnes;7062.000000
120;2501;511;2019;1000 personnes;7169.000000
56;2501;511;2010;1000 personnes;9695.000000
56;2501;511;2011;1000 personnes;9813.000000
56;2501;511;2012;1000 personnes;9931.000000
56;2501;511;2013;1000 personnes;10048.000000
56;2501;511;2014;1000 personnes;10165.000000
56;2501;511;2015;1000 personnes;10282.000000
56;2501;511;2016;1000 personnes;10398.000000
56;2501;511;2017;1000 personnes;10513.000000
56;2501;511;2018;1000 personnes;10627.000000
56;2501;511;2019;1000 personnes;10739.000000
116;2501;511;2010;1000 personnes;24549.000000
116;2501;511;2011;1000 personnes;24673.000000
116;2501;511;2012;1000 personnes;24801.000000
116;2501;511;2013;1000 personnes;24929.000000
116;2501;511;2014;1000 personnes;25058.000000
116;2501;511;2015;1000 personnes;25184.000000
116;2501;511;2016;1000 personnes;25308.000000
116;2501;511;2017;1000 personnes;25430.000000
116;2501;511;2018;1000 personnes;25550.000000
116;2501;511;2019;1000 personnes;25666.000000
215;2501;511;2010;1000 personnes;44347.000000
215;2501;511;2011;1000 personnes;45674.000000
215;2501;511;2012;1000 personnes;47053.000000
215;2501;511;2013;1000 personnes;48483.000000
215;2501;511;2014;1000 personnes;49961.000000
215;2501;511;2015;1000 personnes;51483.000000
215;2501;511;2016;1000 personnes;53049.000000
215;2501;511;2017;1000 personnes;54660.000000
215;2501;511;2018;1000 personnes;56313.000000
215;2501;511;2019;1000 personnes;58005.000000
183;2501;511;2010;1000 personnes;21861.000000
183;2501;511;2011;1000 personnes;21809.000000
183;2501;511;2012;1000 personnes;21755.000000
183;2501;511;2013;1000 personnes;21699.000000
183;2501;511;2014;1000 personnes;20036.000000
183;2501;511;2015;1000 personnes;19925.000000
183;2501;511;2016;1000 personnes;19796.000000
183;2501;511;2017;1000 personnes;19654.000000
183;2501;511;2018;1000 personnes;19506.000000
183;2501;511;2019;1000 personnes;19365.000000
229;2501;511;2010;1000 personnes;62310.000000
229;2501;511;2011;1000 personnes;62672.000000
229;2501;511;2012;1000 personnes;63030.000000
229;2501;511;2013;1000 personnes;63384.000000
229;2501;511;2014;1000 personnes;65423.000000
229;2501;511;2015;1000 personnes;65860.000000
229;2501;511;2016;1000 personnes;66298.000000
229;2501;511;2017;1000 personnes;66727.000000
229;2501;511;2018;1000 personnes;67142.000000
229;2501;511;2019;1000 personnes;67530.000000
184;2501;511;2010;1000 personnes;10039.000000
184;2501;511;2011;1000 personnes;10293.000000
184;2501;511;2012;1000 personnes;10550.000000
184;2501;511;2013;1000 personnes;10812.000000
184;2501;511;2014;1000 personnes;11084.000000
184;2501;511;2015;1000 personnes;11369.000000
184;2501;511;2016;1000 personnes;11669.000000
184;2501;511;2017;1000 personnes;11981.000000
184;2501;511;2018;1000 personnes;12302.000000
184;2501;511;2019;1000 personnes;12627.000000
189;2501;511;2010;1000 personnes;174.000000
189;2501;511;2011;1000 personnes;176.000000
189;2501;511;2012;1000 personnes;177.000000
189;2501;511;2013;1000 personnes;178.000000
189;2501;511;2014;1000 personnes;178.000000
189;2501;511;2015;1000 personnes;179.000000
189;2501;511;2016;1000 personnes;180.000000
189;2501;511;2017;1000 personnes;181.000000
189;2501;511;2018;1000 personnes;182.000000
189;2501;511;2019;1000 personnes;183.000000
188;2501;511;2010;1000 personnes;49.000000
188;2501;511;2011;1000 personnes;49.000000
188;2501;511;2012;1000 personnes;50.000000
188;2501;511;2013;1000 personnes;50.000000
188;2501;511;2014;1000 personnes;51.000000
188;2501;511;2015;1000 personnes;51.000000
188;2501;511;2016;1000 personnes;52.000000
188;2501;511;2017;1000 personnes;52.000000
188;2501;511;2018;1000 personnes;52.000000
188;2501;511;2019;1000 personnes;53.000000
191;2501;511;2010;1000 personnes;108.000000
191;2501;511;2011;1000 personnes;108.000000
191;2501;511;2012;1000 personnes;108.000000
191;2501;511;2013;1000 personnes;109.000000
191;2501;511;2014;1000 personnes;109.000000
191;2501;511;2015;1000 personnes;109.000000
191;2501;511;2016;1000 personnes;109.000000
191;2501;511;2017;1000 personnes;110.000000
191;2501;511;2018;1000 personnes;110.000000
191;2501;511;2019;1000 personnes;111.000000
244;2501;511;2010;1000 personnes;186.000000
244;2501;511;2011;1000 personnes;187.000000
244;2501;511;2012;1000 personnes;189.000000
244;2501;511;2013;1000 personnes;191.000000
244;2501;511;2014;1000 personnes;192.000000
244;2501;511;2015;1000 personnes;194.000000
244;2501;511;2016;1000 personnes;195.000000
244;2501;511;2017;1000 personnes;195.000000
244;2501;511;2018;1000 personnes;196.000000
244;2501;511;2019;1000 personnes;197.000000
193;2501;511;2010;1000 personnes;180.000000
193;2501;511;2011;1000 personnes;185.000000
193;2501;511;2012;1000 personnes;188.000000
193;2501;511;2013;1000 personnes;192.000000
193;2501;511;2014;1000 personnes;196.000000
193;2501;511;2015;1000 personnes;199.000000
193;2501;511;2016;1000 personnes;203.000000
193;2501;511;2017;1000 personnes;207.000000
193;2501;511;2018;1000 personnes;211.000000
193;2501;511;2019;1000 personnes;215.000000
195;2501;511;2010;1000 personnes;12678.000000
195;2501;511;2011;1000 personnes;13034.000000
195;2501;511;2012;1000 personnes;13402.000000
195;2501;511;2013;1000 personnes;13782.000000
195;2501;511;2014;1000 personnes;14175.000000
195;2501;511;2015;1000 personnes;14578.000000
195;2501;511;2016;1000 personnes;14994.000000
195;2501;511;2017;1000 personnes;15419.000000
195;2501;511;2018;1000 personnes;15854.000000
195;2501;511;2019;1000 personnes;16296.000000
272;2501;511;2010;1000 personnes;9647.000000
272;2501;511;2011;1000 personnes;9597.000000
272;2501;511;2012;1000 personnes;9553.000000
272;2501;511;2013;1000 personnes;9511.000000
272;2501;511;2014;1000 personnes;8898.000000
272;2501;511;2015;1000 personnes;8877.000000
272;2501;511;2016;1000 personnes;8854.000000
272;2501;511;2017;1000 personnes;8830.000000
272;2501;511;2018;1000 personnes;8803.000000
272;2501;511;2019;1000 personnes;8772.000000
196;2501;511;2010;1000 personnes;91.000000
196;2501;511;2011;1000 personnes;92.000000
196;2501;511;2012;1000 personnes;93.000000
196;2501;511;2013;1000 personnes;93.000000
196;2501;511;2014;1000 personnes;94.000000
196;2501;511;2015;1000 personnes;95.000000
196;2501;511;2016;1000 personnes;96.000000
196;2501;511;2017;1000 personnes;96.000000
196;2501;511;2018;1000 personnes;97.000000
196;2501;511;2019;1000 personnes;98.000000
197;2501;511;2010;1000 personnes;6416.000000
197;2501;511;2011;1000 personnes;6563.000000
197;2501;511;2012;1000 personnes;6713.000000
197;2501;511;2013;1000 personnes;6864.000000
197;2501;511;2014;1000 personnes;7017.000000
197;2501;511;2015;1000 personnes;7172.000000
197;2501;511;2016;1000 personnes;7329.000000
197;2501;511;2017;1000 personnes;7488.000000
197;2501;511;2018;1000 personnes;7650.000000
197;2501;511;2019;1000 personnes;7813.000000
199;2501;511;2010;1000 personnes;5404.000000
199;2501;511;2011;1000 personnes;5409.000000
199;2501;511;2012;1000 personnes;5415.000000
199;2501;511;2013;1000 personnes;5422.000000
199;2501;511;2014;1000 personnes;5429.000000
199;2501;511;2015;1000 personnes;5436.000000
199;2501;511;2016;1000 personnes;5442.000000
199;2501;511;2017;1000 personnes;5448.000000
199;2501;511;2018;1000 personnes;5453.000000
199;2501;511;2019;1000 personnes;5457.000000
198;2501;511;2010;1000 personnes;2054.000000
198;2501;511;2011;1000 personnes;2062.000000
198;2501;511;2012;1000 personnes;2068.000000
198;2501;511;2013;1000 personnes;2072.000000
198;2501;511;2014;1000 personnes;2067.000000
198;2501;511;2015;1000 personnes;2071.000000
198;2501;511;2016;1000 personnes;2074.000000
198;2501;511;2017;1000 personnes;2076.000000
198;2501;511;2018;1000 personnes;2078.000000
198;2501;511;2019;1000 personnes;2079.000000
276;2501;511;2012;1000 personnes;36194.000000
276;2501;511;2013;1000 personnes;37073.000000
276;2501;511;2014;1000 personnes;37978.000000
276;2501;511;2015;1000 personnes;38903.000000
276;2501;511;2016;1000 personnes;39847.000000
276;2501;511;2017;1000 personnes;40813.000000
276;2501;511;2018;1000 personnes;41802.000000
276;2501;511;2019;1000 personnes;42813.000000
38;2501;511;2010;1000 personnes;20262.000000
38;2501;511;2011;1000 personnes;20398.000000
38;2501;511;2012;1000 personnes;20533.000000
38;2501;511;2013;1000 personnes;20663.000000
38;2501;511;2014;1000 personnes;20789.000000
38;2501;511;2015;1000 personnes;20908.000000
38;2501;511;2016;1000 personnes;21021.000000
38;2501;511;2017;1000 personnes;21128.000000
38;2501;511;2018;1000 personnes;21229.000000
38;2501;511;2019;1000 personnes;21324.000000
210;2501;511;2010;1000 personnes;9382.000000
210;2501;511;2011;1000 personnes;9449.000000
210;2501;511;2012;1000 personnes;9511.000000
210;2501;511;2013;1000 personnes;9571.000000
210;2501;511;2014;1000 personnes;9692.000000
210;2501;511;2015;1000 personnes;9765.000000
210;2501;511;2016;1000 personnes;9836.000000
210;2501;511;2017;1000 personnes;9905.000000
210;2501;511;2018;1000 personnes;9972.000000
210;2501;511;2019;1000 personnes;10036.000000
211;2501;511;2010;1000 personnes;7831.000000
211;2501;511;2011;1000 personnes;7915.000000
211;2501;511;2012;1000 personnes;7997.000000
211;2501;511;2013;1000 personnes;8078.000000
211;2501;511;2014;1000 personnes;8206.000000
211;2501;511;2015;1000 personnes;8297.000000
211;2501;511;2016;1000 personnes;8380.000000
211;2501;511;2017;1000 personnes;8456.000000
211;2501;511;2018;1000 personnes;8526.000000
211;2501;511;2019;1000 personnes;8591.000000
207;2501;511;2010;1000 personnes;529.000000
207;2501;511;2011;1000 personnes;535.000000
207;2501;511;2012;1000 personnes;541.000000
207;2501;511;2013;1000 personnes;547.000000
207;2501;511;2014;1000 personnes;553.000000
207;2501;511;2015;1000 personnes;559.000000
207;2501;511;2016;1000 personnes;565.000000
207;2501;511;2017;1000 personnes;570.000000
207;2501;511;2018;1000 personnes;576.000000
207;2501;511;2019;1000 personnes;581.000000
208;2501;511;2010;1000 personnes;7527.000000
208;2501;511;2011;1000 personnes;7698.000000
208;2501;511;2012;1000 personnes;7875.000000
208;2501;511;2013;1000 personnes;8060.000000
208;2501;511;2014;1000 personnes;8253.000000
208;2501;511;2015;1000 personnes;8454.000000
208;2501;511;2016;1000 personnes;8664.000000
208;2501;511;2017;1000 personnes;8880.000000
208;2501;511;2018;1000 personnes;9101.000000
208;2501;511;2019;1000 personnes;9321.000000
39;2501;511;2010;1000 personnes;11952.000000
39;2501;511;2011;1000 personnes;12361.000000
39;2501;511;2012;1000 personnes;12785.000000
39;2501;511;2013;1000 personnes;13220.000000
39;2501;511;2014;1000 personnes;13664.000000
39;2501;511;2015;1000 personnes;14111.000000
39;2501;511;2016;1000 personnes;14562.000000
39;2501;511;2017;1000 personnes;15017.000000
39;2501;511;2018;1000 personnes;15478.000000
39;2501;511;2019;1000 personnes;15947.000000
167;2501;511;2010;1000 personnes;10554.000000
167;2501;511;2011;1000 personnes;10611.000000
167;2501;511;2012;1000 personnes;10660.000000
167;2501;511;2013;1000 personnes;10702.000000
167;2501;511;2014;1000 personnes;10591.000000
167;2501;511;2015;1000 personnes;10601.000000
167;2501;511;2016;1000 personnes;10619.000000
167;2501;511;2017;1000 personnes;10641.000000
167;2501;511;2018;1000 personnes;10666.000000
167;2501;511;2019;1000 personnes;10689.000000
216;2501;511;2010;1000 personnes;67195.000000
216;2501;511;2011;1000 personnes;67518.000000
216;2501;511;2012;1000 personnes;67836.000000
216;2501;511;2013;1000 personnes;68145.000000
216;2501;511;2014;1000 personnes;68439.000000
216;2501;511;2015;1000 personnes;68715.000000
216;2501;511;2016;1000 personnes;68971.000000
216;2501;511;2017;1000 personnes;69210.000000
216;2501;511;2018;1000 personnes;69428.000000
216;2501;511;2019;1000 personnes;69626.000000
176;2501;511;2010;1000 personnes;1094.000000
176;2501;511;2011;1000 personnes;1113.000000
176;2501;511;2012;1000 personnes;1133.000000
176;2501;511;2013;1000 personnes;1153.000000
176;2501;511;2014;1000 personnes;1174.000000
176;2501;511;2015;1000 personnes;1196.000000
176;2501;511;2016;1000 personnes;1219.000000
176;2501;511;2017;1000 personnes;1243.000000
176;2501;511;2018;1000 personnes;1268.000000
176;2501;511;2019;1000 personnes;1293.000000
217;2501;511;2010;1000 personnes;6422.000000
217;2501;511;2011;1000 personnes;6596.000000
217;2501;511;2012;1000 personnes;6774.000000
217;2501;511;2013;1000 personnes;6955.000000
217;2501;511;2014;1000 personnes;7138.000000
217;2501;511;2015;1000 personnes;7323.000000
217;2501;511;2016;1000 personnes;7510.000000
217;2501;511;2017;1000 personnes;7698.000000
217;2501;511;2018;1000 personnes;7889.000000
217;2501;511;2019;1000 personnes;8082.000000
220;2501;511;2010;1000 personnes;1328.000000
220;2501;511;2011;1000 personnes;1336.000000
220;2501;511;2012;1000 personnes;1345.000000
220;2501;511;2013;1000 personnes;1354.000000
220;2501;511;2014;1000 personnes;1362.000000
220;2501;511;2015;1000 personnes;1370.000000
220;2501;511;2016;1000 personnes;1378.000000
220;2501;511;2017;1000 personnes;1384.000000
220;2501;511;2018;1000 personnes;1390.000000
220;2501;511;2019;1000 personnes;1395.000000
222;2501;511;2010;1000 personnes;10635.000000
222;2501;511;2011;1000 personnes;10742.000000
222;2501;511;2012;1000 personnes;10847.000000
222;2501;511;2013;1000 personnes;10953.000000
222;2501;511;2014;1000 personnes;11063.000000
222;2501;511;2015;1000 personnes;11180.000000
222;2501;511;2016;1000 personnes;11304.000000
222;2501;511;2017;1000 personnes;11433.000000
222;2501;511;2018;1000 personnes;11565.000000
222;2501;511;2019;1000 personnes;11695.000000
213;2501;511;2010;1000 personnes;5087.000000
213;2501;511;2011;1000 personnes;5174.000000
213;2501;511;2012;1000 personnes;5268.000000
213;2501;511;2013;1000 personnes;5366.000000
213;2501;511;2014;1000 personnes;5466.000000
213;2501;511;2015;1000 personnes;5565.000000
213;2501;511;2016;1000 personnes;5662.000000
213;2501;511;2017;1000 personnes;5758.000000
213;2501;511;2018;1000 personnes;5851.000000
213;2501;511;2019;1000 personnes;5942.000000
223;2501;511;2010;1000 personnes;72327.000000
223;2501;511;2011;1000 personnes;73443.000000
223;2501;511;2012;1000 personnes;74651.000000
223;2501;511;2013;1000 personnes;75925.000000
223;2501;511;2014;1000 personnes;77229.000000
223;2501;511;2015;1000 personnes;78529.000000
223;2501;511;2016;1000 personnes;79828.000000
223;2501;511;2017;1000 personnes;81116.000000
223;2501;511;2018;1000 personnes;82340.000000
223;2501;511;2019;1000 personnes;83430.000000
230;2501;511;2010;1000 personnes;45792.000000
230;2501;511;2011;1000 personnes;45620.000000
230;2501;511;2012;1000 personnes;45454.000000
230;2501;511;2013;1000 personnes;45287.000000
230;2501;511;2014;1000 personnes;45112.000000
230;2501;511;2015;1000 personnes;44922.000000
230;2501;511;2016;1000 personnes;44714.000000
230;2501;511;2017;1000 personnes;44488.000000
230;2501;511;2018;1000 personnes;44246.000000
230;2501;511;2019;1000 personnes;43994.000000
234;2501;511;2010;1000 personnes;3359.000000
234;2501;511;2011;1000 personnes;3369.000000
234;2501;511;2012;1000 personnes;3379.000000
234;2501;511;2013;1000 personnes;3389.000000
234;2501;511;2014;1000 personnes;3400.000000
234;2501;511;2015;1000 personnes;3412.000000
234;2501;511;2016;1000 personnes;3424.000000
234;2501;511;2017;1000 personnes;3437.000000
234;2501;511;2018;1000 personnes;3449.000000
234;2501;511;2019;1000 personnes;3462.000000
155;2501;511;2010;1000 personnes;236.000000
155;2501;511;2011;1000 personnes;243.000000
155;2501;511;2012;1000 personnes;249.000000
155;2501;511;2013;1000 personnes;257.000000
155;2501;511;2014;1000 personnes;264.000000
155;2501;511;2015;1000 personnes;271.000000
155;2501;511;2016;1000 personnes;278.000000
155;2501;511;2017;1000 personnes;286.000000
155;2501;511;2018;1000 personnes;293.000000
155;2501;511;2019;1000 personnes;300.000000
236;2501;511;2010;1000 personnes;28440.000000
236;2501;511;2011;1000 personnes;28888.000000
236;2501;511;2012;1000 personnes;29361.000000
236;2501;511;2013;1000 personnes;29781.000000
236;2501;511;2014;1000 personnes;30043.000000
236;2501;511;2015;1000 personnes;30082.000000
236;2501;511;2016;1000 personnes;29851.000000
236;2501;511;2017;1000 personnes;29402.000000
236;2501;511;2018;1000 personnes;28887.000000
236;2501;511;2019;1000 personnes;28516.000000
237;2501;511;2010;1000 personnes;87968.000000
237;2501;511;2011;1000 personnes;88871.000000
237;2501;511;2012;1000 personnes;89802.000000
237;2501;511;2013;1000 personnes;90753.000000
237;2501;511;2014;1000 personnes;91714.000000
237;2501;511;2015;1000 personnes;92677.000000
237;2501;511;2016;1000 personnes;93640.000000
237;2501;511;2017;1000 personnes;94601.000000
237;2501;511;2018;1000 personnes;95546.000000
237;2501;511;2019;1000 personnes;96462.000000
249;2501;511;2010;1000 personnes;23155.000000
249;2501;511;2011;1000 personnes;23808.000000
249;2501;511;2012;1000 personnes;24473.000000
249;2501;511;2013;1000 personnes;25147.000000
249;2501;511;2014;1000 personnes;25823.000000
249;2501;511;2015;1000 personnes;26498.000000
249;2501;511;2016;1000 personnes;27168.000000
249;2501;511;2017;1000 personnes;27835.000000
249;2501;511;2018;1000 personnes;28499.000000
249;2501;511;2019;1000 personnes;29162.000000
251;2501;511;2010;1000 personnes;13606.000000
251;2501;511;2011;1000 personnes;14023.000000
251;2501;511;2012;1000 personnes;14465.000000
251;2501;511;2013;1000 personnes;14927.000000
251;2501;511;2014;1000 personnes;15400.000000
251;2501;511;2015;1000 personnes;15879.000000
251;2501;511;2016;1000 personnes;16363.000000
251;2501;511;2017;1000 personnes;16854.000000
251;2501;511;2018;1000 personnes;17352.000000
251;2501;511;2019;1000 personnes;17861.000000
181;2501;511;2010;1000 personnes;12698.000000
181;2501;511;2011;1000 personnes;12894.000000
181;2501;511;2012;1000 personnes;13115.000000
181;2501;511;2013;1000 personnes;13350.000000
181;2501;511;2014;1000 personnes;13587.000000
181;2501;511;2015;1000 personnes;13815.000000
181;2501;511;2016;1000 personnes;14030.000000
181;2501;511;2017;1000 personnes;14237.000000
181;2501;511;2018;1000 personnes;14439.000000
181;2501;511;2019;1000 personnes;14645.000000
5000;2501;511;2010;1000 personnes;6869581.990000
5000;2501;511;2011;1000 personnes;6950821.780000
5000;2501;511;2012;1000 personnes;7068393.600000
5000;2501;511;2013;1000 personnes;7150710.910000
5000;2501;511;2014;1000 personnes;7241022.470000
5000;2501;511;2015;1000 personnes;7324467.930000
5000;2501;511;2016;1000 personnes;7407700.980000
5000;2501;511;2017;1000 personnes;7490611.220000
5000;2501;511;2018;1000 personnes;7572929.330000
5000;2501;511;2019;1000 personnes;7652392.110000
