CodeZone;Année;Valeur;Unité
2;2000;20779.953;1000 personnes
2;2001;21606.988;1000 personnes
2;2002;22600.77;1000 personnes
2;2003;23680.871;1000 personnes
2;2004;24726.684;1000 personnes
2;2005;25654.277;1000 personnes
2;2006;26433.049;1000 personnes
2;2007;27100.536;1000 personnes
2;2008;27722.276;1000 personnes
2;2009;28394.813;1000 personnes
202;2000;44967.708;1000 personnes
202;2001;45571.274;1000 personnes
202;2002;46150.913;1000 personnes
202;2003;46719.196;1000 personnes
202;2004;47291.61;1000 personnes
202;2005;47880.601;1000 personnes
202;2006;48489.459;1000 personnes
202;2007;49119.759;1000 personnes
202;2008;49779.471;1000 personnes
202;2009;50477.011;1000 personnes
3;2000;3129.243;1000 personnes
3;2001;3129.704;1000 personnes
3;2002;3126.187;1000 personnes
3;2003;3118.023;1000 personnes
3;2004;3104.892;1000 personnes
3;2005;3086.81;1000 personnes
3;2006;3063.021;1000 personnes
3;2007;3033.998;1000 personnes
3;2008;3002.678;1000 personnes
3;2009;2973.048;1000 personnes
4;2000;31042.235;1000 personnes
4;2001;31451.514;1000 personnes
4;2002;31855.109;1000 personnes
4;2003;32264.157;1000 personnes
4;2004;32692.163;1000 personnes
4;2005;33149.724;1000 personnes
4;2006;33641.002;1000 personnes
4;2007;34166.972;1000 personnes
4;2008;34730.608;1000 personnes
4;2009;35333.881;1000 personnes
79;2000;81400.882;1000 personnes
79;2001;81453.885;1000 personnes
79;2002;81535.122;1000 personnes
79;2003;81614.38;1000 personnes
79;2004;81646.474;1000 personnes
79;2005;81602.741;1000 personnes
79;2006;81472.226;1000 personnes
79;2007;81277.83;1000 personnes
79;2008;81065.752;1000 personnes
79;2009;80899.961;1000 personnes
6;2000;65.39;1000 personnes
6;2001;67.341;1000 personnes
6;2002;70.049;1000 personnes
6;2003;73.182;1000 personnes
6;2004;76.244;1000 personnes
6;2005;78.867;1000 personnes
6;2006;80.993;1000 personnes
6;2007;82.684;1000 personnes
6;2008;83.862;1000 personnes
6;2009;84.463;1000 personnes
7;2000;16395.473;1000 personnes
7;2001;16945.753;1000 personnes
7;2002;17519.417;1000 personnes
7;2003;18121.479;1000 personnes
7;2004;18758.145;1000 personnes
7;2005;19433.602;1000 personnes
7;2006;20149.901;1000 personnes
7;2007;20905.363;1000 personnes
7;2008;21695.634;1000 personnes
7;2009;22514.281;1000 personnes
258;2000;11.252;1000 personnes
258;2001;11.515;1000 personnes
258;2002;11.761;1000 personnes
258;2003;12.001;1000 personnes
258;2004;12.233;1000 personnes
258;2005;12.453;1000 personnes
258;2006;12.661;1000 personnes
258;2007;12.868;1000 personnes
258;2008;13.063;1000 personnes
258;2009;13.258;1000 personnes
8;2000;76.016;1000 personnes
8;2001;77.212;1000 personnes
8;2002;78.295;1000 personnes
8;2003;79.3;1000 personnes
8;2004;80.336;1000 personnes
8;2005;81.465;1000 personnes
8;2006;82.704;1000 personnes
8;2007;84.026;1000 personnes
8;2008;85.397;1000 personnes
8;2009;86.746;1000 personnes
151;2000;215.459;1000 personnes
151;2001;214.832;1000 personnes
151;2002;214.774;1000 personnes
151;2003;215.551;1000 personnes
151;2004;217.5;1000 personnes
151;2005;220.768;1000 personnes
151;2006;225.554;1000 personnes
151;2007;231.665;1000 personnes
151;2008;238.47;1000 personnes
151;2009;245.157;1000 personnes
194;2000;20663.843;1000 personnes
194;2001;21202.642;1000 personnes
194;2002;21805.313;1000 personnes
194;2003;22456.649;1000 personnes
194;2004;23132.682;1000 personnes
194;2005;23816.183;1000 personnes
194;2006;24498.31;1000 personnes
194;2007;25184.597;1000 personnes
194;2008;25888.541;1000 personnes
194;2009;26630.303;1000 personnes
9;2000;36870.787;1000 personnes
9;2001;37275.652;1000 personnes
9;2002;37681.749;1000 personnes
9;2003;38087.868;1000 personnes
9;2004;38491.972;1000 personnes
9;2005;38892.931;1000 personnes
9;2006;39289.878;1000 personnes
9;2007;39684.295;1000 personnes
9;2008;40080.16;1000 personnes
9;2009;40482.788;1000 personnes
1;2000;3069.591;1000 personnes
1;2001;3050.687;1000 personnes
1;2002;3033.978;1000 personnes
1;2003;3017.932;1000 personnes
1;2004;3000.72;1000 personnes
1;2005;2981.269;1000 personnes
1;2006;2958.307;1000 personnes
1;2007;2932.618;1000 personnes
1;2008;2907.618;1000 personnes
1;2009;2888.092;1000 personnes
22;2000;90.853;1000 personnes
22;2001;92.898;1000 personnes
22;2002;94.992;1000 personnes
22;2003;97.017;1000 personnes
22;2004;98.737;1000 personnes
22;2005;100.031;1000 personnes
22;2006;100.834;1000 personnes
22;2007;101.222;1000 personnes
22;2008;101.358;1000 personnes
22;2009;101.455;1000 personnes
10;2000;18991.431;1000 personnes
10;2001;19194.672;1000 personnes
10;2002;19401.368;1000 personnes
10;2003;19624.166;1000 personnes
10;2004;19879.649;1000 personnes
10;2005;20178.54;1000 personnes
10;2006;20526.303;1000 personnes
10;2007;20916.344;1000 personnes
10;2008;21332.282;1000 personnes
10;2009;21750.851;1000 personnes
11;2000;8069.276;1000 personnes
11;2001;8097.748;1000 personnes
11;2002;8134.412;1000 personnes
11;2003;8175.852;1000 personnes
11;2004;8216.805;1000 personnes
11;2005;8253.65;1000 personnes
11;2006;8285.343;1000 personnes
11;2007;8313.737;1000 personnes
11;2008;8341.532;1000 personnes
11;2009;8372.663;1000 personnes
52;2000;8122.741;1000 personnes
52;2001;8197.298;1000 personnes
52;2002;8277.061;1000 personnes
52;2003;8361.433;1000 personnes
52;2004;8448.946;1000 personnes
52;2005;8538.605;1000 personnes
52;2006;8630.146;1000 personnes
52;2007;8724.243;1000 personnes
52;2008;8821.873;1000 personnes
52;2009;8924.388;1000 personnes
12;2000;298.051;1000 personnes
12;2001;302.618;1000 personnes
12;2002;307.66;1000 personnes
12;2003;313.129;1000 personnes
12;2004;318.894;1000 personnes
12;2005;324.859;1000 personnes
12;2006;331.033;1000 personnes
12;2007;337.389;1000 personnes
12;2008;343.681;1000 personnes
12;2009;349.604;1000 personnes
13;2000;664.611;1000 personnes
13;2001;697.545;1000 personnes
13;2002;735.146;1000 personnes
13;2003;778.708;1000 personnes
13;2004;829.844;1000 personnes
13;2005;889.164;1000 personnes
13;2006;958.418;1000 personnes
13;2007;1035.919;1000 personnes
13;2008;1114.641;1000 personnes
13;2009;1185.076;1000 personnes
16;2000;127657.854;1000 personnes
16;2001;130088.702;1000 personnes
16;2002;132478.086;1000 personnes
16;2003;134791.603;1000 personnes
16;2004;136986.432;1000 personnes
16;2005;139035.505;1000 personnes
16;2006;140921.167;1000 personnes
16;2007;142660.376;1000 personnes
16;2008;144304.167;1000 personnes
16;2009;145924.797;1000 personnes
14;2000;271.515;1000 personnes
14;2001;272.5;1000 personnes
14;2002;273.425;1000 personnes
14;2003;274.329;1000 personnes
14;2004;275.284;1000 personnes
14;2005;276.323;1000 personnes
14;2006;277.477;1000 personnes
14;2007;278.7;1000 personnes
14;2008;279.946;1000 personnes
14;2009;281.104;1000 personnes
57;2000;9871.632;1000 personnes
57;2001;9811.401;1000 personnes
57;2002;9745.923;1000 personnes
57;2003;9679.235;1000 personnes
57;2004;9616.634;1000 personnes
57;2005;9562.088;1000 personnes
57;2006;9516.883;1000 personnes
57;2007;9480.515;1000 personnes
57;2008;9452.855;1000 personnes
57;2009;9433.152;1000 personnes
255;2000;10282.033;1000 personnes
255;2001;10319.019;1000 personnes
255;2002;10364.885;1000 personnes
255;2003;10419.032;1000 personnes
255;2004;10480.117;1000 personnes
255;2005;10546.886;1000 personnes
255;2006;10619.475;1000 personnes
255;2007;10697.572;1000 personnes
255;2008;10778.758;1000 personnes
255;2009;10859.94;1000 personnes
23;2000;247.315;1000 personnes
23;2001;255.063;1000 personnes
23;2002;262.378;1000 personnes
23;2003;269.425;1000 personnes
23;2004;276.504;1000 personnes
23;2005;283.8;1000 personnes
23;2006;291.329;1000 personnes
23;2007;299.025;1000 personnes
23;2008;306.823;1000 personnes
23;2009;314.655;1000 personnes
53;2000;6865.951;1000 personnes
53;2001;7076.733;1000 personnes
53;2002;7295.394;1000 personnes
53;2003;7520.555;1000 personnes
53;2004;7750.004;1000 personnes
53;2005;7982.225;1000 personnes
53;2006;8216.897;1000 personnes
53;2007;8454.793;1000 personnes
53;2008;8696.921;1000 personnes
53;2009;8944.708;1000 personnes
17;2000;65.012;1000 personnes
17;2001;65.329;1000 personnes
17;2002;65.656;1000 personnes
17;2003;65.943;1000 personnes
17;2004;66.15;1000 personnes
17;2005;66.257;1000 personnes
17;2006;66.248;1000 personnes
17;2007;66.129;1000 personnes
17;2008;65.931;1000 personnes
17;2009;65.674;1000 personnes
18;2000;591.021;1000 personnes
18;2001;603.64;1000 personnes
18;2002;616.018;1000 personnes
18;2003;627.839;1000 personnes
18;2004;638.815;1000 personnes
18;2005;648.739;1000 personnes
18;2006;657.41;1000 personnes
18;2007;664.876;1000 personnes
18;2008;671.613;1000 personnes
18;2009;678.323;1000 personnes
19;2000;8418.264;1000 personnes
19;2001;8580.235;1000 personnes
19;2002;8742.814;1000 personnes
19;2003;8905.823;1000 personnes
19;2004;9069.039;1000 personnes
19;2005;9232.306;1000 personnes
19;2006;9395.446;1000 personnes
19;2007;9558.439;1000 personnes
19;2008;9721.454;1000 personnes
19;2009;9884.781;1000 personnes
80;2000;3751.176;1000 personnes
80;2001;3755.512;1000 personnes
80;2002;3759.387;1000 personnes
80;2003;3762.173;1000 personnes
80;2004;3764.194;1000 personnes
80;2005;3765.331;1000 personnes
80;2006;3765.424;1000 personnes
80;2007;3762.786;1000 personnes
80;2008;3754.271;1000 personnes
80;2009;3735.938;1000 personnes
20;2000;1643.334;1000 personnes
20;2001;1674.678;1000 personnes
20;2002;1704.642;1000 personnes
20;2003;1734.398;1000 personnes
20;2004;1765.527;1000 personnes
20;2005;1799.078;1000 personnes
20;2006;1835.908;1000 personnes
20;2007;1875.459;1000 personnes
20;2008;1915.639;1000 personnes
20;2009;1953.498;1000 personnes
21;2000;174790.34;1000 personnes
21;2001;177196.054;1000 personnes
21;2002;179537.52;1000 personnes
21;2003;181809.246;1000 personnes
21;2004;184006.481;1000 personnes
21;2005;186127.103;1000 personnes
21;2006;188167.356;1000 personnes
21;2007;190130.443;1000 personnes
21;2008;192030.362;1000 personnes
21;2009;193886.508;1000 personnes
26;2000;333.165;1000 personnes
26;2001;340.034;1000 personnes
26;2002;346.782;1000 personnes
26;2003;353.293;1000 personnes
26;2004;359.433;1000 personnes
26;2005;365.114;1000 personnes
26;2006;370.263;1000 personnes
26;2007;374.965;1000 personnes
26;2008;379.421;1000 personnes
26;2009;383.906;1000 personnes
27;2000;7997.957;1000 personnes
27;2001;7930.703;1000 personnes
27;2002;7866.239;1000 personnes
27;2003;7804.312;1000 personnes
27;2004;7744.632;1000 personnes
27;2005;7686.962;1000 personnes
27;2006;7631.012;1000 personnes
27;2007;7576.672;1000 personnes
27;2008;7524.087;1000 personnes
27;2009;7473.513;1000 personnes
233;2000;11607.942;1000 personnes
233;2001;11944.587;1000 personnes
233;2002;12293.1;1000 personnes
233;2003;12654.621;1000 personnes
233;2004;13030.569;1000 personnes
233;2005;13421.93;1000 personnes
233;2006;13829.176;1000 personnes
233;2007;14252.021;1000 personnes
233;2008;14689.725;1000 personnes
233;2009;15141.098;1000 personnes
29;2000;6378.871;1000 personnes
29;2001;6525.545;1000 personnes
29;2002;6704.113;1000 personnes
29;2003;6909.154;1000 personnes
29;2004;7131.693;1000 personnes
29;2005;7364.862;1000 personnes
29;2006;7607.849;1000 personnes
29;2007;7862.214;1000 personnes
29;2008;8126.102;1000 personnes
29;2009;8397.668;1000 personnes
35;2000;428.188;1000 personnes
35;2001;435.709;1000 personnes
35;2002;442.951;1000 personnes
35;2003;449.93;1000 personnes
35;2004;456.617;1000 personnes
35;2005;463.032;1000 personnes
35;2006;469.17;1000 personnes
35;2007;475.06;1000 personnes
35;2008;480.842;1000 personnes
35;2009;486.671;1000 personnes
115;2000;12155.239;1000 personnes
115;2001;12405.408;1000 personnes
115;2002;12637.727;1000 personnes
115;2003;12856.163;1000 personnes
115;2004;13066.469;1000 personnes
115;2005;13273.354;1000 personnes
115;2006;13477.709;1000 personnes
115;2007;13679.962;1000 personnes
115;2008;13883.834;1000 personnes
115;2009;14093.604;1000 personnes
32;2000;15513.945;1000 personnes
32;2001;15928.91;1000 personnes
32;2002;16357.602;1000 personnes
32;2003;16800.865;1000 personnes
32;2004;17259.322;1000 personnes
32;2005;17733.41;1000 personnes
32;2006;18223.674;1000 personnes
32;2007;18730.282;1000 personnes
32;2008;19252.666;1000 personnes
32;2009;19789.919;1000 personnes
33;2000;30588.383;1000 personnes
33;2001;30880.073;1000 personnes
33;2002;31178.263;1000 personnes
33;2003;31488.048;1000 personnes
33;2004;31815.494;1000 personnes
33;2005;32164.309;1000 personnes
33;2006;32536.987;1000 personnes
33;2007;32930.794;1000 personnes
33;2008;33337.638;1000 personnes
33;2009;33746.093;1000 personnes
40;2000;15342.353;1000 personnes
40;2001;15516.113;1000 personnes
40;2002;15684.409;1000 personnes
40;2003;15849.652;1000 personnes
40;2004;16014.971;1000 personnes
40;2005;16182.721;1000 personnes
40;2006;16354.504;1000 personnes
40;2007;16530.195;1000 personnes
40;2008;16708.258;1000 personnes
40;2009;16886.186;1000 personnes
351;2000;1319551.401;1000 personnes
351;2001;1328341.175;1000 personnes
351;2002;1336765.152;1000 personnes
351;2003;1344908.155;1000 personnes
351;2004;1352871.028;1000 personnes
351;2005;1360734.525;1000 personnes
351;2006;1368528.374;1000 personnes
351;2007;1376265.629;1000 personnes
351;2008;1383985.631;1000 personnes
351;2009;1391725.007;1000 personnes
96;2000;6606.327;1000 personnes
96;2001;6664.772;1000 personnes
96;2002;6701.775;1000 personnes
96;2003;6724.677;1000 personnes
96;2004;6744.566;1000 personnes
96;2005;6769.574;1000 personnes
96;2006;6802.08;1000 personnes
96;2007;6840.015;1000 personnes
96;2008;6881.863;1000 personnes
96;2009;6924.642;1000 personnes
128;2000;427.782;1000 personnes
128;2001;437.938;1000 personnes
128;2002;448.821;1000 personnes
128;2003;460.165;1000 personnes
128;2004;471.597;1000 personnes
128;2005;482.858;1000 personnes
128;2006;493.799;1000 personnes
128;2007;504.511;1000 personnes
128;2008;515.239;1000 personnes
128;2009;526.4;1000 personnes
41;2000;1290550.765;1000 personnes
41;2001;1299129.752;1000 personnes
41;2002;1307352.257;1000 personnes
41;2003;1315303.521;1000 personnes
41;2004;1323084.641;1000 personnes
41;2005;1330776.38;1000 personnes
41;2006;1338408.647;1000 personnes
41;2007;1345993.888;1000 personnes
41;2008;1353569.484;1000 personnes
41;2009;1361169.419;1000 personnes
214;2000;21966.527;1000 personnes
214;2001;22108.713;1000 personnes
214;2002;22262.299;1000 personnes
214;2003;22419.792;1000 personnes
214;2004;22570.224;1000 personnes
214;2005;22705.713;1000 personnes
214;2006;22823.848;1000 personnes
214;2007;22927.215;1000 personnes
214;2008;23019.045;1000 personnes
214;2009;23104.546;1000 personnes
50;2000;943.29;1000 personnes
50;2001;960.276;1000 personnes
50;2002;976.964;1000 personnes
50;2003;993.563;1000 personnes
50;2004;1010.408;1000 personnes
50;2005;1027.662;1000 personnes
50;2006;1045.507;1000 personnes
50;2007;1063.713;1000 personnes
50;2008;1081.563;1000 personnes
50;2009;1098.083;1000 personnes
44;2000;39629.968;1000 personnes
44;2001;40255.967;1000 personnes
44;2002;40875.36;1000 personnes
44;2003;41483.869;1000 personnes
44;2004;42075.955;1000 personnes
44;2005;42647.723;1000 personnes
44;2006;43200.897;1000 personnes
44;2007;43737.516;1000 personnes
44;2008;44254.975;1000 personnes
44;2009;44750.054;1000 personnes
45;2000;542.357;1000 personnes
45;2001;555.888;1000 personnes
45;2002;569.479;1000 personnes
45;2003;583.211;1000 personnes
45;2004;597.228;1000 personnes
45;2005;611.627;1000 personnes
45;2006;626.425;1000 personnes
45;2007;641.62;1000 personnes
45;2008;657.229;1000 personnes
45;2009;673.252;1000 personnes
46;2000;3127.411;1000 personnes
46;2001;3217.933;1000 personnes
46;2002;3310.387;1000 personnes
46;2003;3406.922;1000 personnes
46;2004;3510.468;1000 personnes
46;2005;3622.775;1000 personnes
46;2006;3745.141;1000 personnes
46;2007;3876.119;1000 personnes
46;2008;4011.486;1000 personnes
46;2009;4145.391;1000 personnes
48;2000;3962.372;1000 personnes
48;2001;4034.074;1000 personnes
48;2002;4100.925;1000 personnes
48;2003;4164.053;1000 personnes
48;2004;4225.155;1000 personnes
48;2005;4285.502;1000 personnes
48;2006;4345.412;1000 personnes
48;2007;4404.628;1000 personnes
48;2008;4463.125;1000 personnes
48;2009;4520.74;1000 personnes
107;2000;16454.668;1000 personnes
107;2001;16853.026;1000 personnes
107;2002;17231.539;1000 personnes
107;2003;17599.61;1000 personnes
107;2004;17970.494;1000 personnes
107;2005;18354.514;1000 personnes
107;2006;18754.916;1000 personnes
107;2007;19171.237;1000 personnes
107;2008;19605.569;1000 personnes
107;2009;20059.147;1000 personnes
98;2000;4428.075;1000 personnes
98;2001;4408.075;1000 personnes
98;2002;4395.799;1000 personnes
98;2003;4388.895;1000 personnes
98;2004;4383.882;1000 personnes
98;2005;4378.058;1000 personnes
98;2006;4370.777;1000 personnes
98;2007;4362.426;1000 personnes
98;2008;4352.636;1000 personnes
98;2009;4341.264;1000 personnes
49;2000;11126.43;1000 personnes
49;2001;11164.667;1000 personnes
49;2002;11199.651;1000 personnes
49;2003;11229.183;1000 personnes
49;2004;11250.365;1000 personnes
49;2005;11261.582;1000 personnes
49;2006;11261.248;1000 personnes
49;2007;11251.122;1000 personnes
49;2008;11236.971;1000 personnes
49;2009;11226.709;1000 personnes
54;2000;5341.194;1000 personnes
54;2001;5358.062;1000 personnes
54;2002;5372.801;1000 personnes
54;2003;5386.968;1000 personnes
54;2004;5402.761;1000 personnes
54;2005;5421.702;1000 personnes
54;2006;5444.286;1000 personnes
54;2007;5469.921;1000 personnes
54;2008;5497.729;1000 personnes
54;2009;5526.388;1000 personnes
72;2000;717.584;1000 personnes
72;2001;733.015;1000 personnes
72;2002;746.942;1000 personnes
72;2003;759.641;1000 personnes
72;2004;771.603;1000 personnes
72;2005;783.254;1000 personnes
72;2006;794.563;1000 personnes
72;2007;805.451;1000 personnes
72;2008;816.358;1000 personnes
72;2009;827.823;1000 personnes
55;2000;69.65;1000 personnes
55;2001;69.661;1000 personnes
55;2002;69.837;1000 personnes
55;2003;70.1;1000 personnes
55;2004;70.382;1000 personnes
55;2005;70.589;1000 personnes
55;2006;70.718;1000 personnes
55;2007;70.795;1000 personnes
55;2008;70.827;1000 personnes
55;2009;70.851;1000 personnes
59;2000;68831.561;1000 personnes
59;2001;70152.661;1000 personnes
59;2002;71485.043;1000 personnes
59;2003;72826.097;1000 personnes
59;2004;74172.073;1000 personnes
59;2005;75523.569;1000 personnes
59;2006;76873.663;1000 personnes
59;2007;78232.126;1000 personnes
59;2008;79636.079;1000 personnes
59;2009;81134.798;1000 personnes
60;2000;5887.936;1000 personnes
60;2001;5927.006;1000 personnes
60;2002;5962.136;1000 personnes
60;2003;5994.077;1000 personnes
60;2004;6023.797;1000 personnes
60;2005;6052.123;1000 personnes
60;2006;6079.399;1000 personnes
60;2007;6105.81;1000 personnes
60;2008;6131.764;1000 personnes
60;2009;6157.686;1000 personnes
225;2000;3134.062;1000 personnes
225;2001;3302.719;1000 personnes
225;2002;3478.777;1000 personnes
225;2003;3711.932;1000 personnes
225;2004;4068.57;1000 personnes
225;2005;4588.225;1000 personnes
225;2006;5300.174;1000 personnes
225;2007;6168.838;1000 personnes
225;2008;7089.487;1000 personnes
225;2009;7917.372;1000 personnes
58;2000;12681.123;1000 personnes
58;2001;12914.667;1000 personnes
58;2002;13143.465;1000 personnes
58;2003;13369.678;1000 personnes
58;2004;13596.388;1000 personnes
58;2005;13825.847;1000 personnes
58;2006;14059.384;1000 personnes
58;2007;14296.557;1000 personnes
58;2008;14535.739;1000 personnes
58;2009;14774.424;1000 personnes
178;2000;2292.416;1000 personnes
178;2001;2374.722;1000 personnes
178;2002;2481.058;1000 personnes
178;2003;2600.973;1000 personnes
178;2004;2719.803;1000 personnes
178;2005;2826.659;1000 personnes
178;2006;2918.205;1000 personnes
178;2007;2996.536;1000 personnes
178;2008;3062.779;1000 personnes
178;2009;3119.92;1000 personnes
203;2000;40824.754;1000 personnes
203;2001;41319.427;1000 personnes
203;2002;41919.585;1000 personnes
203;2003;42596.453;1000 personnes
203;2004;43308.345;1000 personnes
203;2005;44019.123;1000 personnes
203;2006;44728.565;1000 personnes
203;2007;45429.076;1000 personnes
203;2008;46068.811;1000 personnes
203;2009;46583.565;1000 personnes
63;2000;1399.112;1000 personnes
63;2001;1391.73;1000 personnes
63;2002;1382.732;1000 personnes
63;2003;1372.909;1000 personnes
63;2004;1363.565;1000 personnes
63;2005;1355.648;1000 personnes
63;2006;1349.363;1000 personnes
63;2007;1344.296;1000 personnes
63;2008;1340.073;1000 personnes
63;2009;1336.135;1000 personnes
209;2000;1005.435;1000 personnes
209;2001;1013.609;1000 personnes
209;2002;1019.059;1000 personnes
209;2003;1022.802;1000 personnes
209;2004;1026.286;1000 personnes
209;2005;1030.579;1000 personnes
209;2006;1036.092;1000 personnes
209;2007;1042.652;1000 personnes
209;2008;1049.945;1000 personnes
209;2009;1057.467;1000 personnes
231;2000;281710.909;1000 personnes
231;2001;284607.993;1000 personnes
231;2002;287279.318;1000 personnes
231;2003;289815.562;1000 personnes
231;2004;292354.658;1000 personnes
231;2005;294993.511;1000 personnes
231;2006;297758.969;1000 personnes
231;2007;300608.429;1000 personnes
231;2008;303486.012;1000 personnes
231;2009;306307.567;1000 personnes
238;2000;66224.804;1000 personnes
238;2001;68159.423;1000 personnes
238;2002;70142.091;1000 personnes
238;2003;72170.584;1000 personnes
238;2004;74239.505;1000 personnes
238;2005;76346.311;1000 personnes
238;2006;78489.206;1000 personnes
238;2007;80674.348;1000 personnes
238;2008;82916.235;1000 personnes
238;2009;85233.913;1000 personnes
185;2000;146404.903;1000 personnes
185;2001;145830.721;1000 personnes
185;2002;145215.7;1000 personnes
185;2003;144610.882;1000 personnes
185;2004;144080.643;1000 personnes
185;2005;143672.116;1000 personnes
185;2006;143403.256;1000 personnes
185;2007;143266.212;1000 personnes
185;2008;143248.764;1000 personnes
185;2009;143326.913;1000 personnes
66;2000;811.006;1000 personnes
66;2001;813.925;1000 personnes
66;2002;815.257;1000 personnes
66;2003;816.076;1000 personnes
66;2004;817.86;1000 personnes
66;2005;821.604;1000 personnes
66;2006;827.87;1000 personnes
66;2007;836.19;1000 personnes
66;2008;845.361;1000 personnes
66;2009;853.637;1000 personnes
67;2000;5187.954;1000 personnes
67;2001;5200.477;1000 personnes
67;2002;5213.366;1000 personnes
67;2003;5227.093;1000 personnes
67;2004;5242.17;1000 personnes
67;2005;5258.927;1000 personnes
67;2006;5277.491;1000 personnes
67;2007;5297.739;1000 personnes
67;2008;5319.449;1000 personnes
67;2009;5342.262;1000 personnes
68;2000;59015.096;1000 personnes
68;2001;59384.132;1000 personnes
68;2002;59803.441;1000 personnes
68;2003;60251.588;1000 personnes
68;2004;60697.981;1000 personnes
68;2005;61120.127;1000 personnes
68;2006;61508.926;1000 personnes
68;2007;61869.227;1000 personnes
68;2008;62209.207;1000 personnes
68;2009;62542.9;1000 personnes
74;2000;1228.36;1000 personnes
74;2001;1258.003;1000 personnes
74;2002;1288.315;1000 personnes
74;2003;1319.953;1000 personnes
74;2004;1353.795;1000 personnes
74;2005;1390.549;1000 personnes
74;2006;1430.152;1000 personnes
74;2007;1472.575;1000 personnes
74;2008;1518.54;1000 personnes
74;2009;1568.928;1000 personnes
75;2000;1317.703;1000 personnes
75;2001;1360.074;1000 personnes
75;2002;1404.261;1000 personnes
75;2003;1449.925;1000 personnes
75;2004;1496.527;1000 personnes
75;2005;1543.741;1000 personnes
75;2006;1591.445;1000 personnes
75;2007;1639.848;1000 personnes
75;2008;1689.285;1000 personnes
75;2009;1740.279;1000 personnes
73;2000;4362.187;1000 personnes
73;2001;4296.979;1000 personnes
73;2002;4258.571;1000 personnes
73;2003;4238.929;1000 personnes
73;2004;4225.816;1000 personnes
73;2005;4210.168;1000 personnes
73;2006;4189.72;1000 personnes
73;2007;4166.867;1000 personnes
73;2008;4142.655;1000 personnes
73;2009;4119.494;1000 personnes
81;2000;19278.856;1000 personnes
81;2001;19756.928;1000 personnes
81;2002;20246.381;1000 personnes
81;2003;20750.299;1000 personnes
81;2004;21272.323;1000 personnes
81;2005;21814.642;1000 personnes
81;2006;22379.055;1000 personnes
81;2007;22963.946;1000 personnes
81;2008;23563.825;1000 personnes
81;2009;24170.94;1000 personnes
82;2000;31.077;1000 personnes
82;2001;31.602;1000 personnes
82;2002;32.102;1000 personnes
82;2003;32.555;1000 personnes
82;2004;32.928;1000 personnes
82;2005;33.219;1000 personnes
82;2006;33.417;1000 personnes
82;2007;33.517;1000 personnes
82;2008;33.559;1000 personnes
82;2009;33.565;1000 personnes
84;2000;11082.104;1000 personnes
84;2001;11134.457;1000 personnes
84;2002;11182.305;1000 personnes
84;2003;11218.884;1000 personnes
84;2004;11234.992;1000 personnes
84;2005;11224.791;1000 personnes
84;2006;11185.228;1000 personnes
84;2007;11120.358;1000 personnes
84;2008;11040.309;1000 personnes
84;2009;10959.272;1000 personnes
86;2000;102.833;1000 personnes
86;2001;103.249;1000 personnes
86;2002;103.634;1000 personnes
86;2003;104.005;1000 personnes
86;2004;104.347;1000 personnes
86;2005;104.661;1000 personnes
86;2006;104.933;1000 personnes
86;2007;105.19;1000 personnes
86;2008;105.456;1000 personnes
86;2009;105.789;1000 personnes
85;2000;56.175;1000 personnes
85;2001;56.327;1000 personnes
85;2002;56.518;1000 personnes
85;2003;56.708;1000 personnes
85;2004;56.861;1000 personnes
85;2005;56.951;1000 personnes
85;2006;56.971;1000 personnes
85;2007;56.927;1000 personnes
85;2008;56.841;1000 personnes
85;2009;56.728;1000 personnes
87;2000;422.051;1000 personnes
87;2001;420.238;1000 personnes
87;2002;416.136;1000 personnes
87;2003;410.86;1000 personnes
87;2004;406.063;1000 personnes
87;2005;402.904;1000 personnes
87;2006;401.813;1000 personnes
87;2007;402.395;1000 personnes
87;2008;403.965;1000 personnes
87;2009;405.448;1000 personnes
88;2000;155.329;1000 personnes
88;2001;156.401;1000 personnes
88;2002;157.176;1000 personnes
88;2003;157.717;1000 personnes
88;2004;158.101;1000 personnes
88;2005;158.402;1000 personnes
88;2006;158.648;1000 personnes
88;2007;158.847;1000 personnes
88;2008;159.036;1000 personnes
88;2009;159.226;1000 personnes
89;2000;11650.743;1000 personnes
89;2001;11924.946;1000 personnes
89;2002;12208.848;1000 personnes
89;2003;12500.478;1000 personnes
89;2004;12796.925;1000 personnes
89;2005;13096.028;1000 personnes
89;2006;13397.021;1000 personnes
89;2007;13700.327;1000 personnes
89;2008;14006.428;1000 personnes
89;2009;14316.263;1000 personnes
90;2000;8240.73;1000 personnes
90;2001;8417.081;1000 personnes
90;2002;8586.074;1000 personnes
90;2003;8753.093;1000 personnes
90;2004;8925.743;1000 personnes
90;2005;9109.581;1000 personnes
90;2006;9307.425;1000 personnes
90;2007;9518.162;1000 personnes
90;2008;9738.792;1000 personnes
90;2009;9964.469;1000 personnes
61;2000;606.181;1000 personnes
61;2001;631.666;1000 personnes
61;2002;658.384;1000 personnes
61;2003;686.664;1000 personnes
61;2004;716.949;1000 personnes
61;2005;749.535;1000 personnes
61;2006;784.496;1000 personnes
61;2007;821.687;1000 personnes
61;2008;860.84;1000 personnes
61;2009;901.599;1000 personnes
175;2000;1201.301;1000 personnes
175;2001;1227.106;1000 personnes
175;2002;1254.453;1000 personnes
175;2003;1283.305;1000 personnes
175;2004;1313.492;1000 personnes
175;2005;1344.93;1000 personnes
175;2006;1377.581;1000 personnes
175;2007;1411.543;1000 personnes
175;2008;1446.936;1000 personnes
175;2009;1483.921;1000 personnes
91;2000;746.715;1000 personnes
91;2001;745.206;1000 personnes
91;2002;744.789;1000 personnes
91;2003;745.143;1000 personnes
91;2004;745.737;1000 personnes
91;2005;746.163;1000 personnes
91;2006;746.343;1000 personnes
91;2007;746.474;1000 personnes
91;2008;746.817;1000 personnes
91;2009;747.718;1000 personnes
69;2000;163.165;1000 personnes
69;2001;170.454;1000 personnes
69;2002;178.543;1000 personnes
69;2003;187.024;1000 personnes
69;2004;195.314;1000 personnes
69;2005;202.971;1000 personnes
69;2006;209.89;1000 personnes
69;2007;216.185;1000 personnes
69;2008;221.996;1000 personnes
69;2009;227.54;1000 personnes
93;2000;8463.806;1000 personnes
93;2001;8608.819;1000 personnes
93;2002;8754.15;1000 personnes
93;2003;8900.104;1000 personnes
93;2004;9047.077;1000 personnes
93;2005;9195.288;1000 personnes
93;2006;9344.785;1000 personnes
93;2007;9495.328;1000 personnes
93;2008;9646.58;1000 personnes
93;2009;9798.046;1000 personnes
95;2000;6574.509;1000 personnes
95;2001;6751.912;1000 personnes
95;2002;6929.265;1000 personnes
95;2003;7106.319;1000 personnes
95;2004;7282.953;1000 personnes
95;2005;7458.985;1000 personnes
95;2006;7634.298;1000 personnes
95;2007;7808.518;1000 personnes
95;2008;7980.955;1000 personnes
95;2009;8150.775;1000 personnes
97;2000;10220.507;1000 personnes
97;2001;10193.449;1000 personnes
97;2002;10167.283;1000 personnes
97;2003;10141.342;1000 personnes
97;2004;10114.48;1000 personnes
97;2005;10085.937;1000 personnes
97;2006;10055.653;1000 personnes
97;2007;10024.149;1000 personnes
97;2008;9991.867;1000 personnes
97;2009;9959.439;1000 personnes
264;2000;76.941;1000 personnes
264;2001;77.703;1000 personnes
264;2002;78.318;1000 personnes
264;2003;78.884;1000 personnes
264;2004;79.52;1000 personnes
264;2005;80.305;1000 personnes
264;2006;81.285;1000 personnes
264;2007;82.408;1000 personnes
264;2008;83.508;1000 personnes
264;2009;84.376;1000 personnes
259;2000;148.443;1000 personnes
259;2001;149.097;1000 personnes
259;2002;149.596;1000 personnes
259;2003;150.068;1000 personnes
259;2004;150.716;1000 personnes
259;2005;151.678;1000 personnes
259;2006;153.008;1000 personnes
259;2007;154.636;1000 personnes
259;2008;156.433;1000 personnes
259;2009;158.178;1000 personnes
36;2000;42.303;1000 personnes
36;2001;43.935;1000 personnes
36;2002;45.351;1000 personnes
36;2003;46.632;1000 personnes
36;2004;47.902;1000 personnes
36;2005;49.261;1000 personnes
36;2006;50.74;1000 personnes
36;2007;52.28;1000 personnes
36;2008;53.836;1000 personnes
36;2009;55.322;1000 personnes
47;2000;17.93;1000 personnes
47;2001;18.025;1000 personnes
47;2002;18.278;1000 personnes
47;2003;18.608;1000 personnes
47;2004;18.904;1000 personnes
47;2005;19.074;1000 personnes
47;2006;19.092;1000 personnes
47;2007;19.001;1000 personnes
47;2008;18.818;1000 personnes
47;2009;18.602;1000 personnes
65;2000;2.892;1000 personnes
65;2001;2.931;1000 personnes
65;2002;2.947;1000 personnes
65;2003;2.957;1000 personnes
65;2004;2.949;1000 personnes
65;2005;2.935;1000 personnes
65;2006;2.934;1000 personnes
65;2007;2.937;1000 personnes
65;2008;2.932;1000 personnes
65;2009;2.917;1000 personnes
64;2000;46.735;1000 personnes
64;2001;46.997;1000 personnes
64;2002;47.233;1000 personnes
64;2003;47.432;1000 personnes
64;2004;47.6;1000 personnes
64;2005;47.722;1000 personnes
64;2006;47.792;1000 personnes
64;2007;47.825;1000 personnes
64;2008;47.82;1000 personnes
64;2009;47.808;1000 personnes
163;2000;57.453;1000 personnes
163;2001;58.321;1000 personnes
163;2002;58.42;1000 personnes
163;2003;57.947;1000 personnes
163;2004;57.246;1000 personnes
163;2005;56.542;1000 personnes
163;2006;55.882;1000 personnes
163;2007;55.219;1000 personnes
163;2008;54.625;1000 personnes
163;2009;54.193;1000 personnes
127;2000;50.753;1000 personnes
127;2001;51.422;1000 personnes
127;2002;52.37;1000 personnes
127;2003;53.456;1000 personnes
127;2004;54.476;1000 personnes
127;2005;55.258;1000 personnes
127;2006;55.767;1000 personnes
127;2007;56.051;1000 personnes
127;2008;56.174;1000 personnes
127;2009;56.25;1000 personnes
25;2000;412.66;1000 personnes
25;2001;423.944;1000 personnes
25;2002;435.432;1000 personnes
25;2003;447.017;1000 personnes
25;2004;458.539;1000 personnes
25;2005;469.918;1000 personnes
25;2006;481.078;1000 personnes
25;2007;492.132;1000 personnes
25;2008;503.36;1000 personnes
25;2009;515.181;1000 personnes
224;2000;20.164;1000 personnes
224;2001;21.573;1000 personnes
224;2002;23.232;1000 personnes
224;2003;25.011;1000 personnes
224;2004;26.7;1000 personnes
224;2005;28.18;1000 personnes
224;2006;29.391;1000 personnes
224;2007;30.385;1000 personnes
224;2008;31.202;1000 personnes
224;2009;31.934;1000 personnes
240;2000;108.722;1000 personnes
240;2001;108.691;1000 personnes
240;2002;108.561;1000 personnes
240;2003;108.36;1000 personnes
240;2004;108.092;1000 personnes
240;2005;107.794;1000 personnes
240;2006;107.462;1000 personnes
240;2007;107.115;1000 personnes
240;2008;106.756;1000 personnes
240;2009;106.412;1000 personnes
239;2000;20.311;1000 personnes
239;2001;20.675;1000 personnes
239;2002;21.129;1000 personnes
239;2003;21.672;1000 personnes
239;2004;22.334;1000 personnes
239;2005;23.107;1000 personnes
239;2006;24.023;1000 personnes
239;2007;25.047;1000 personnes
239;2008;26.097;1000 personnes
239;2009;27.039;1000 personnes
243;2000;14.694;1000 personnes
243;2001;14.843;1000 personnes
243;2002;14.988;1000 personnes
243;2003;15.096;1000 personnes
243;2004;15.093;1000 personnes
243;2005;14.939;1000 personnes
243;2006;14.609;1000 personnes
243;2007;14.132;1000 personnes
243;2008;13.578;1000 personnes
243;2009;13.07;1000 personnes
100;2000;1056575.549;1000 personnes
100;2001;1075000.085;1000 personnes
100;2002;1093317.189;1000 personnes
100;2003;1111523.144;1000 personnes
100;2004;1129623.456;1000 personnes
100;2005;1147609.927;1000 personnes
100;2006;1165486.291;1000 personnes
100;2007;1183209.472;1000 personnes
100;2008;1200669.765;1000 personnes
100;2009;1217726.215;1000 personnes
101;2000;211513.823;1000 personnes
101;2001;214427.417;1000 personnes
101;2002;217357.793;1000 personnes
101;2003;220309.469;1000 personnes
101;2004;223285.676;1000 personnes
101;2005;226289.47;1000 personnes
101;2006;229318.262;1000 personnes
101;2007;232374.245;1000 personnes
101;2008;235469.762;1000 personnes
101;2009;238620.563;1000 personnes
102;2000;65623.405;1000 personnes
102;2001;66449.112;1000 personnes
102;2002;67284.796;1000 personnes
102;2003;68122.938;1000 personnes
102;2004;68951.281;1000 personnes
102;2005;69762.347;1000 personnes
102;2006;70554.76;1000 personnes
102;2007;71336.475;1000 personnes
102;2008;72120.604;1000 personnes
102;2009;72924.837;1000 personnes
103;2000;23497.585;1000 personnes
103;2001;24208.18;1000 personnes
103;2002;24931.919;1000 personnes
103;2003;25644.499;1000 personnes
103;2004;26313.838;1000 personnes
103;2005;26922.284;1000 personnes
103;2006;27448.124;1000 personnes
103;2007;27911.248;1000 personnes
103;2008;28385.746;1000 personnes
103;2009;28973.162;1000 personnes
104;2000;3783.103;1000 personnes
104;2001;3842.245;1000 personnes
104;2002;3907.998;1000 personnes
104;2003;3980.076;1000 personnes
104;2004;4058.13;1000 personnes
104;2005;4141.223;1000 personnes
104;2006;4230.623;1000 personnes
104;2007;4324.641;1000 personnes
104;2008;4415.872;1000 personnes
104;2009;4494.576;1000 personnes
99;2000;280.435;1000 personnes
99;2001;282.907;1000 personnes
99;2002;285.329;1000 personnes
99;2003;287.952;1000 personnes
99;2004;291.104;1000 personnes
99;2005;294.979;1000 personnes
99;2006;299.72;1000 personnes
99;2007;305.183;1000 personnes
99;2008;310.856;1000 personnes
99;2009;316.062;1000 personnes
105;2000;5945.95;1000 personnes
105;2001;6060.676;1000 personnes
105;2002;6169.313;1000 personnes
105;2003;6278.374;1000 personnes
105;2004;6396.514;1000 personnes
105;2005;6529.479;1000 personnes
105;2006;6680.637;1000 personnes
105;2007;6847.141;1000 personnes
105;2008;7020.836;1000 personnes
105;2009;7190.034;1000 personnes
106;2000;56692.178;1000 personnes
106;2001;56875.147;1000 personnes
106;2002;57182.519;1000 personnes
106;2003;57564.588;1000 personnes
106;2004;57948.424;1000 personnes
106;2005;58281.212;1000 personnes
106;2006;58542.619;1000 personnes
106;2007;58747.861;1000 personnes
106;2008;58922.109;1000 personnes
106;2009;59105.625;1000 personnes
109;2000;2654.701;1000 personnes
109;2001;2674.702;1000 personnes
109;2002;2692.845;1000 personnes
109;2003;2709.437;1000 personnes
109;2004;2725.015;1000 personnes
109;2005;2740.003;1000 personnes
109;2006;2754.407;1000 personnes
109;2007;2768.227;1000 personnes
109;2008;2781.876;1000 personnes
109;2009;2795.837;1000 personnes
110;2000;127524.174;1000 personnes
110;2001;127713.828;1000 personnes
110;2002;127893.078;1000 personnes
110;2003;128058.372;1000 personnes
110;2004;128204.195;1000 personnes
110;2005;128326.116;1000 personnes
110;2006;128422.734;1000 personnes
110;2007;128494.057;1000 personnes
110;2008;128538.646;1000 personnes
110;2009;128555.189;1000 personnes
112;2000;5122.493;1000 personnes
112;2001;5217.336;1000 personnes
112;2002;5317.506;1000 personnes
112;2003;5434.03;1000 personnes
112;2004;5580.244;1000 personnes
112;2005;5765.635;1000 personnes
112;2006;5991.54;1000 personnes
112;2007;6255.28;1000 personnes
112;2008;6556.478;1000 personnes
112;2009;6893.26;1000 personnes
108;2000;14922.719;1000 personnes
108;2001;14910.205;1000 personnes
108;2002;14976.188;1000 personnes
108;2003;15100.041;1000 personnes
108;2004;15250.015;1000 personnes
108;2005;15402.807;1000 personnes
108;2006;15551.268;1000 personnes
108;2007;15702.104;1000 personnes
108;2008;15862.123;1000 personnes
108;2009;16043.007;1000 personnes
114;2000;31964.557;1000 personnes
114;2001;32848.564;1000 personnes
114;2002;33751.739;1000 personnes
114;2003;34678.779;1000 personnes
114;2004;35635.271;1000 personnes
114;2005;36624.895;1000 personnes
114;2006;37649.033;1000 personnes
114;2007;38705.932;1000 personnes
114;2008;39791.981;1000 personnes
114;2009;40901.792;1000 personnes
113;2000;4920.712;1000 personnes
113;2001;4962.836;1000 personnes
113;2002;4991.483;1000 personnes
113;2003;5013.53;1000 personnes
113;2004;5039.005;1000 personnes
113;2005;5075.347;1000 personnes
113;2006;5124.382;1000 personnes
113;2007;5184.392;1000 personnes
113;2008;5254.979;1000 personnes
113;2009;5334.71;1000 personnes
83;2000;84.396;1000 personnes
83;2001;85.849;1000 personnes
83;2002;87.305;1000 personnes
83;2003;88.835;1000 personnes
83;2004;90.499;1000 personnes
83;2005;92.325;1000 personnes
83;2006;94.343;1000 personnes
83;2007;96.527;1000 personnes
83;2008;98.761;1000 personnes
83;2009;100.93;1000 personnes
118;2000;2045.123;1000 personnes
118;2001;2103.282;1000 personnes
118;2002;2136.997;1000 personnes
118;2003;2161.626;1000 personnes
118;2004;2200.492;1000 personnes
118;2005;2270.198;1000 personnes
118;2006;2373.672;1000 personnes
118;2007;2504.019;1000 personnes
118;2008;2656.009;1000 personnes
118;2009;2821.045;1000 personnes
122;2000;2032.804;1000 personnes
122;2001;2035.74;1000 personnes
122;2002;2029.829;1000 personnes
122;2003;2018.348;1000 personnes
122;2004;2005.94;1000 personnes
122;2005;1996.114;1000 personnes
122;2006;1989.939;1000 personnes
122;2007;1986.922;1000 personnes
122;2008;1987.129;1000 personnes
122;2009;1990.131;1000 personnes
119;2000;2384.164;1000 personnes
119;2001;2358.693;1000 personnes
119;2002;2332.53;1000 personnes
119;2003;2305.848;1000 personnes
119;2004;2278.921;1000 personnes
119;2005;2251.993;1000 personnes
119;2006;2225.066;1000 personnes
119;2007;2198.089;1000 personnes
119;2008;2171.259;1000 personnes
119;2009;2144.785;1000 personnes
121;2000;3842.778;1000 personnes
121;2001;3991.001;1000 personnes
121;2002;4182.205;1000 personnes
121;2003;4388.375;1000 personnes
121;2004;4569.378;1000 personnes
121;2005;4698.763;1000 personnes
121;2006;4759.753;1000 personnes
121;2007;4767.344;1000 personnes
121;2008;4764.741;1000 personnes
121;2009;4813.026;1000 personnes
123;2000;2848.456;1000 personnes
123;2001;2953.927;1000 personnes
123;2002;3024.729;1000 personnes
123;2003;3077.058;1000 personnes
123;2004;3135.651;1000 personnes
123;2005;3218.116;1000 personnes
123;2006;3329.211;1000 personnes
123;2007;3461.911;1000 personnes
123;2008;3607.86;1000 personnes
123;2009;3754.133;1000 personnes
124;2000;5357.891;1000 personnes
124;2001;5443.248;1000 personnes
124;2002;5531.089;1000 personnes
124;2003;5620.547;1000 personnes
124;2004;5710.154;1000 personnes
124;2005;5798.614;1000 personnes
124;2006;5886.872;1000 personnes
124;2007;5974.787;1000 personnes
124;2008;6058.748;1000 personnes
124;2009;6133.984;1000 personnes
125;2000;33.184;1000 personnes
125;2001;33.552;1000 personnes
125;2002;33.879;1000 personnes
125;2003;34.175;1000 personnes
125;2004;34.452;1000 personnes
125;2005;34.713;1000 personnes
125;2006;34.97;1000 personnes
125;2007;35.217;1000 personnes
125;2008;35.471;1000 personnes
125;2009;35.727;1000 personnes
126;2000;3501.839;1000 personnes
126;2001;3473.625;1000 personnes
126;2002;3444.763;1000 personnes
126;2003;3414.365;1000 personnes
126;2004;3381.131;1000 personnes
126;2005;3344.268;1000 personnes
126;2006;3303.335;1000 personnes
126;2007;3258.98;1000 personnes
126;2008;3212.865;1000 personnes
126;2009;3167.265;1000 personnes
256;2000;436.103;1000 personnes
256;2001;440.198;1000 personnes
256;2002;443.726;1000 personnes
256;2003;447.322;1000 personnes
256;2004;451.819;1000 personnes
256;2005;457.842;1000 personnes
256;2006;465.61;1000 personnes
256;2007;474.915;1000 personnes
256;2008;485.405;1000 personnes
256;2009;496.527;1000 personnes
154;2000;2034.819;1000 personnes
154;2001;2042.842;1000 personnes
154;2002;2048.928;1000 personnes
154;2003;2053.426;1000 personnes
154;2004;2057.048;1000 personnes
154;2005;2060.273;1000 personnes
154;2006;2063.131;1000 personnes
154;2007;2065.426;1000 personnes
154;2008;2067.313;1000 personnes
154;2009;2069.039;1000 personnes
129;2000;15766.806;1000 personnes
129;2001;16260.932;1000 personnes
129;2002;16765.117;1000 personnes
129;2003;17279.141;1000 personnes
129;2004;17802.997;1000 personnes
129;2005;18336.724;1000 personnes
129;2006;18880.269;1000 personnes
129;2007;19433.53;1000 personnes
129;2008;19996.473;1000 personnes
129;2009;20569.117;1000 personnes
131;2000;23194.257;1000 personnes
131;2001;23709.119;1000 personnes
131;2002;24208.391;1000 personnes
131;2003;24698.819;1000 personnes
131;2004;25190.652;1000 personnes
131;2005;25690.611;1000 personnes
131;2006;26201.961;1000 personnes
131;2007;26720.37;1000 personnes
131;2008;27236.006;1000 personnes
131;2009;27735.04;1000 personnes
130;2000;11148.758;1000 personnes
130;2001;11432;1000 personnes
130;2002;11713.664;1000 personnes
130;2003;12000.181;1000 personnes
130;2004;12301.838;1000 personnes
130;2005;12625.952;1000 personnes
130;2006;12973.699;1000 personnes
130;2007;13341.806;1000 personnes
130;2008;13727.89;1000 personnes
130;2009;14128.155;1000 personnes
132;2000;279.398;1000 personnes
132;2001;286.306;1000 personnes
132;2002;294.186;1000 personnes
132;2003;302.683;1000 personnes
132;2004;311.265;1000 personnes
132;2005;319.608;1000 personnes
132;2006;327.487;1000 personnes
132;2007;335.169;1000 personnes
132;2008;343.452;1000 personnes
132;2009;353.398;1000 personnes
133;2000;10946.445;1000 personnes
133;2001;11271.6;1000 personnes
133;2002;11616.887;1000 personnes
133;2003;11982.695;1000 personnes
133;2004;12369.07;1000 personnes
133;2005;12775.516;1000 personnes
133;2006;13203.378;1000 personnes
133;2007;13651.464;1000 personnes
133;2008;14113.577;1000 personnes
133;2009;14581.429;1000 personnes
134;2000;393.645;1000 personnes
134;2001;396.328;1000 personnes
134;2002;398.718;1000 personnes
134;2003;400.859;1000 personnes
134;2004;402.817;1000 personnes
134;2005;404.653;1000 personnes
134;2006;406.328;1000 personnes
134;2007;407.852;1000 personnes
134;2008;409.491;1000 personnes
134;2009;411.552;1000 personnes
143;2000;28793.679;1000 personnes
143;2001;29126.33;1000 personnes
143;2002;29454.768;1000 personnes
143;2003;29782.884;1000 personnes
143;2004;30115.214;1000 personnes
143;2005;30455.561;1000 personnes
143;2006;30804.683;1000 personnes
143;2007;31163.673;1000 personnes
143;2008;31536.811;1000 personnes
143;2009;31929.087;1000 personnes
135;2000;387.004;1000 personnes
135;2001;389.987;1000 personnes
135;2002;392.5;1000 personnes
135;2003;394.534;1000 personnes
135;2004;396.103;1000 personnes
135;2005;397.19;1000 personnes
135;2006;397.847;1000 personnes
135;2007;398.046;1000 personnes
135;2008;397.668;1000 personnes
135;2009;396.565;1000 personnes
137;2000;1185.145;1000 personnes
137;2001;1193.917;1000 personnes
137;2002;1201.812;1000 personnes
137;2003;1208.994;1000 personnes
137;2004;1215.677;1000 personnes
137;2005;1222.003;1000 personnes
137;2006;1228.089;1000 personnes
137;2007;1233.889;1000 personnes
137;2008;1239.262;1000 personnes
137;2009;1243.991;1000 personnes
136;2000;2630.219;1000 personnes
136;2001;2702.4;1000 personnes
136;2002;2778.099;1000 personnes
136;2003;2857.148;1000 personnes
136;2004;2939.247;1000 personnes
136;2005;3024.194;1000 personnes
136;2006;3111.906;1000 personnes
136;2007;3202.517;1000 personnes
136;2008;3296.238;1000 personnes
136;2009;3393.409;1000 personnes
270;2000;150.331;1000 personnes
270;2001;155.754;1000 personnes
270;2002;161.205;1000 personnes
270;2003;166.721;1000 personnes
270;2004;172.339;1000 personnes
270;2005;178.098;1000 personnes
270;2006;184.031;1000 personnes
270;2007;190.096;1000 personnes
270;2008;196.274;1000 personnes
270;2009;202.499;1000 personnes
138;2000;98899.845;1000 personnes
138;2001;100298.153;1000 personnes
138;2002;101684.758;1000 personnes
138;2003;103081.02;1000 personnes
138;2004;104514.932;1000 personnes
138;2005;106005.203;1000 personnes
138;2006;107560.153;1000 personnes
138;2007;109170.502;1000 personnes
138;2008;110815.271;1000 personnes
138;2009;112463.887;1000 personnes
145;2000;107.402;1000 personnes
145;2001;107.173;1000 personnes
145;2002;107.03;1000 personnes
145;2003;106.901;1000 personnes
145;2004;106.625;1000 personnes
145;2005;106.129;1000 personnes
145;2006;105.371;1000 personnes
145;2007;104.444;1000 personnes
145;2008;103.543;1000 personnes
145;2009;102.975;1000 personnes
140;2000;32.147;1000 personnes
140;2001;32.47;1000 personnes
140;2002;32.806;1000 personnes
140;2003;33.153;1000 personnes
140;2004;33.5;1000 personnes
140;2005;33.843;1000 personnes
140;2006;34.19;1000 personnes
140;2007;34.525;1000 personnes
140;2008;34.872;1000 personnes
140;2009;35.226;1000 personnes
141;2000;2397.418;1000 personnes
141;2001;2419.588;1000 personnes
141;2002;2443.271;1000 personnes
141;2003;2468.762;1000 personnes
141;2004;2496.391;1000 personnes
141;2005;2526.424;1000 personnes
141;2006;2558.856;1000 personnes
141;2007;2593.82;1000 personnes
141;2008;2631.898;1000 personnes
141;2009;2673.796;1000 personnes
273;2006;617.86;1000 personnes
273;2007;619.555;1000 personnes
273;2008;621.32;1000 personnes
273;2009;622.939;1000 personnes
142;2000;4.929;1000 personnes
142;2001;4.53;1000 personnes
142;2002;4.425;1000 personnes
142;2003;4.535;1000 personnes
142;2004;4.705;1000 personnes
142;2005;4.835;1000 personnes
142;2006;4.892;1000 personnes
142;2007;4.91;1000 personnes
142;2008;4.901;1000 personnes
142;2009;4.891;1000 personnes
144;2000;17711.927;1000 personnes
144;2001;18221.888;1000 personnes
144;2002;18764.155;1000 personnes
144;2003;19331.1;1000 personnes
144;2004;19910.552;1000 personnes
144;2005;20493.925;1000 personnes
144;2006;21080.11;1000 personnes
144;2007;21673.316;1000 personnes
144;2008;22276.596;1000 personnes
144;2009;22894.71;1000 personnes
28;2000;46719.701;1000 personnes
28;2001;47225.12;1000 personnes
28;2002;47702.171;1000 personnes
28;2003;48148.902;1000 personnes
28;2004;48564.484;1000 personnes
28;2005;48949.924;1000 personnes
28;2006;49301.05;1000 personnes
28;2007;49621.475;1000 personnes
28;2008;49929.642;1000 personnes
28;2009;50250.367;1000 personnes
147;2000;1794.571;1000 personnes
147;2001;1823.672;1000 personnes
147;2002;1851.523;1000 personnes
147;2003;1879.117;1000 personnes
147;2004;1907.745;1000 personnes
147;2005;1938.32;1000 personnes
147;2006;1971.317;1000 personnes
147;2007;2006.514;1000 personnes
147;2008;2043.394;1000 personnes
147;2009;2081.044;1000 personnes
148;2000;10.337;1000 personnes
148;2001;10.215;1000 personnes
148;2002;10.102;1000 personnes
148;2003;9.994;1000 personnes
148;2004;9.902;1000 personnes
148;2005;9.849;1000 personnes
148;2006;9.828;1000 personnes
148;2007;9.842;1000 personnes
148;2008;9.891;1000 personnes
148;2009;9.939;1000 personnes
149;2000;23941.11;1000 personnes
149;2001;24347.106;1000 personnes
149;2002;24725.627;1000 personnes
149;2003;25080.872;1000 personnes
149;2004;25419.344;1000 personnes
149;2005;25744.5;1000 personnes
149;2006;26066.693;1000 personnes
149;2007;26382.581;1000 personnes
149;2008;26666.576;1000 personnes
149;2009;26883.535;1000 personnes
157;2000;5069.302;1000 personnes
157;2001;5145.366;1000 personnes
157;2002;5219.328;1000 personnes
157;2003;5292.118;1000 personnes
157;2004;5364.935;1000 personnes
157;2005;5438.69;1000 personnes
157;2006;5513.763;1000 personnes
157;2007;5590.055;1000 personnes
157;2008;5667.432;1000 personnes
157;2009;5745.526;1000 personnes
158;2000;11331.557;1000 personnes
158;2001;11751.365;1000 personnes
158;2002;12189.983;1000 personnes
158;2003;12647.984;1000 personnes
158;2004;13125.916;1000 personnes
158;2005;13624.467;1000 personnes
158;2006;14143.971;1000 personnes
158;2007;14685.399;1000 personnes
158;2008;15250.908;1000 personnes
158;2009;15843.133;1000 personnes
159;2000;122283.85;1000 personnes
159;2001;125394.046;1000 personnes
159;2002;128596.076;1000 personnes
159;2003;131900.631;1000 personnes
159;2004;135320.422;1000 personnes
159;2005;138865.016;1000 personnes
159;2006;142538.308;1000 personnes
159;2007;146339.977;1000 personnes
159;2008;150269.623;1000 personnes
159;2009;154324.933;1000 personnes
160;2000;1.899;1000 personnes
160;2001;1.854;1000 personnes
160;2002;1.791;1000 personnes
160;2003;1.755;1000 personnes
160;2004;1.715;1000 personnes
160;2005;1.683;1000 personnes
160;2006;1.661;1000 personnes
160;2007;1.643;1000 personnes
160;2008;1.635;1000 personnes
160;2009;1.628;1000 personnes
162;2000;4499.367;1000 personnes
162;2001;4523.145;1000 personnes
162;2002;4546.019;1000 personnes
162;2003;4570.106;1000 personnes
162;2004;4598.214;1000 personnes
162;2005;4632.364;1000 personnes
162;2006;4672.994;1000 personnes
162;2007;4719.402;1000 personnes
162;2008;4771.019;1000 personnes
162;2009;4826.848;1000 personnes
153;2000;217.269;1000 personnes
153;2001;221.493;1000 personnes
153;2002;225.482;1000 personnes
153;2003;229.244;1000 personnes
153;2004;232.883;1000 personnes
153;2005;236.442;1000 personnes
153;2006;239.93;1000 personnes
153;2007;243.331;1000 personnes
153;2008;246.695;1000 personnes
153;2009;250.085;1000 personnes
156;2000;3858.999;1000 personnes
156;2001;3907.933;1000 personnes
156;2002;3963.206;1000 personnes
156;2003;4022.069;1000 personnes
156;2004;4080.438;1000 personnes
156;2005;4135.355;1000 personnes
156;2006;4185.888;1000 personnes
156;2007;4233.046;1000 personnes
156;2008;4278.155;1000 personnes
156;2009;4323.337;1000 personnes
221;2000;2267.973;1000 personnes
221;2001;2294.962;1000 personnes
221;2002;2334.858;1000 personnes
221;2003;2386.166;1000 personnes
221;2004;2445.517;1000 personnes
221;2005;2511.251;1000 personnes
221;2006;2580.758;1000 personnes
221;2007;2657.158;1000 personnes
221;2008;2750.963;1000 personnes
221;2009;2876.186;1000 personnes
226;2000;23650.172;1000 personnes
226;2001;24388.968;1000 personnes
226;2002;25167.257;1000 personnes
226;2003;25980.552;1000 personnes
226;2004;26821.297;1000 personnes
226;2005;27684.585;1000 personnes
226;2006;28571.475;1000 personnes
226;2007;29486.338;1000 personnes
226;2008;30431.736;1000 personnes
226;2009;31411.096;1000 personnes
235;2000;24769.955;1000 personnes
235;2001;25108.563;1000 personnes
235;2002;25431.122;1000 personnes
235;2003;25749.101;1000 personnes
235;2004;26077.607;1000 personnes
235;2005;26427.789;1000 personnes
235;2006;26804.072;1000 personnes
235;2007;27204.711;1000 personnes
235;2008;27626.982;1000 personnes
235;2009;28065.466;1000 personnes
165;2000;142343.578;1000 personnes
165;2001;145978.402;1000 personnes
165;2002;149549.7;1000 personnes
165;2003;153093.373;1000 personnes
165;2004;156664.697;1000 personnes
165;2005;160304.008;1000 personnes
165;2006;164022.627;1000 personnes
165;2007;167808.105;1000 personnes
165;2008;171648.986;1000 personnes
165;2009;175525.609;1000 personnes
180;2000;19.105;1000 personnes
180;2001;19.386;1000 personnes
180;2002;19.637;1000 personnes
180;2003;19.809;1000 personnes
180;2004;19.867;1000 personnes
180;2005;19.781;1000 personnes
180;2006;19.54;1000 personnes
180;2007;19.158;1000 personnes
180;2008;18.704;1000 personnes
180;2009;18.285;1000 personnes
299;2000;3224.003;1000 personnes
299;2001;3309.91;1000 personnes
299;2002;3380.164;1000 personnes
299;2003;3441.865;1000 personnes
299;2004;3505.323;1000 personnes
299;2005;3577.961;1000 personnes
299;2006;3662.422;1000 personnes
299;2007;3756.46;1000 personnes
299;2008;3856.679;1000 personnes
299;2009;3957.67;1000 personnes
166;2000;3030.328;1000 personnes
166;2001;3089.648;1000 personnes
166;2002;3149.188;1000 personnes
166;2003;3209.048;1000 personnes
166;2004;3269.356;1000 personnes
166;2005;3330.217;1000 personnes
166;2006;3391.666;1000 personnes
166;2007;3453.675;1000 personnes
166;2008;3516.204;1000 personnes
166;2009;3579.215;1000 personnes
168;2000;5847.586;1000 personnes
168;2001;5974.629;1000 personnes
168;2002;6098.621;1000 personnes
168;2003;6223.377;1000 personnes
168;2004;6354.245;1000 personnes
168;2005;6494.903;1000 personnes
168;2006;6646.895;1000 personnes
168;2007;6808.514;1000 personnes
168;2008;6976.201;1000 personnes
168;2009;7144.776;1000 personnes
169;2000;5323.201;1000 personnes
169;2001;5428.444;1000 personnes
169;2002;5531.962;1000 personnes
169;2003;5632.983;1000 personnes
169;2004;5730.549;1000 personnes
169;2005;5824.096;1000 personnes
169;2006;5913.209;1000 personnes
169;2007;5998.427;1000 personnes
169;2008;6081.296;1000 personnes
169;2009;6163.972;1000 personnes
150;2000;15926.188;1000 personnes
150;2001;16018.114;1000 personnes
150;2002;16110.355;1000 personnes
150;2003;16200.951;1000 personnes
150;2004;16287.182;1000 personnes
150;2005;16367.158;1000 personnes
150;2006;16440.097;1000 personnes
150;2007;16506.655;1000 personnes
150;2008;16568.104;1000 personnes
150;2009;16626.373;1000 personnes
170;2000;26459.944;1000 personnes
170;2001;26799.285;1000 personnes
170;2002;27100.968;1000 personnes
170;2003;27372.226;1000 personnes
170;2004;27624.213;1000 personnes
170;2005;27866.145;1000 personnes
170;2006;28102.056;1000 personnes
170;2007;28333.052;1000 personnes
170;2008;28562.317;1000 personnes
170;2009;28792.655;1000 personnes
171;2000;77991.755;1000 personnes
171;2001;79672.873;1000 personnes
171;2002;81365.258;1000 personnes
171;2003;83051.971;1000 personnes
171;2004;84710.542;1000 personnes
171;2005;86326.25;1000 personnes
171;2006;87888.675;1000 personnes
171;2007;89405.482;1000 personnes
171;2008;90901.965;1000 personnes
171;2009;92414.158;1000 personnes
173;2000;38556.693;1000 personnes
173;2001;38529.582;1000 personnes
173;2002;38488.647;1000 personnes
173;2003;38441.824;1000 personnes
173;2004;38399.558;1000 personnes
173;2005;38368.949;1000 personnes
173;2006;38354.45;1000 personnes
173;2007;38353.338;1000 personnes
173;2008;38356.786;1000 personnes
173;2009;38351.916;1000 personnes
70;2000;240.686;1000 personnes
70;2001;244.931;1000 personnes
70;2002;248.972;1000 personnes
70;2003;252.703;1000 personnes
70;2004;255.992;1000 personnes
70;2005;258.78;1000 personnes
70;2006;261.01;1000 personnes
70;2007;262.721;1000 personnes
70;2008;264.061;1000 personnes
70;2009;265.254;1000 personnes
177;2000;3668.96;1000 personnes
177;2001;3670.296;1000 personnes
177;2002;3664.328;1000 personnes
177;2003;3653.658;1000 personnes
177;2004;3642.006;1000 personnes
177;2005;3631.889;1000 personnes
177;2006;3623.78;1000 personnes
177;2007;3616.34;1000 personnes
177;2008;3608.032;1000 personnes
177;2009;3596.54;1000 personnes
174;2000;10297.112;1000 personnes
174;2001;10341.454;1000 personnes
174;2002;10385.987;1000 personnes
174;2003;10429.612;1000 personnes
174;2004;10470.921;1000 personnes
174;2005;10508.495;1000 personnes
174;2006;10542.83;1000 personnes
174;2007;10573.143;1000 personnes
174;2008;10595.314;1000 personnes
174;2009;10604.056;1000 personnes
179;2000;592.468;1000 personnes
179;2001;615.012;1000 personnes
179;2002;640.868;1000 personnes
179;2003;681.788;1000 personnes
179;2004;753.334;1000 personnes
179;2005;865.416;1000 personnes
179;2006;1022.711;1000 personnes
179;2007;1218.434;1000 personnes
179;2008;1436.665;1000 personnes
179;2009;1654.95;1000 personnes
212;2000;16410.848;1000 personnes
212;2001;16766.561;1000 personnes
212;2002;17084.632;1000 personnes
212;2003;17415.214;1000 personnes
212;2004;17827.825;1000 personnes
212;2005;18361.176;1000 personnes
212;2006;19059.258;1000 personnes
212;2007;19878.254;1000 personnes
212;2008;20664.038;1000 personnes
212;2009;21205.873;1000 personnes
37;2000;3640.427;1000 personnes
37;2001;3722.018;1000 personnes
37;2002;3802.128;1000 personnes
37;2003;3881.181;1000 personnes
37;2004;3959.875;1000 personnes
37;2005;4038.382;1000 personnes
37;2006;4118.069;1000 personnes
37;2007;4198.01;1000 personnes
37;2008;4273.366;1000 personnes
37;2009;4337.625;1000 personnes
117;2000;47379.241;1000 personnes
117;2001;47706.224;1000 personnes
117;2002;47999.547;1000 personnes
117;2003;48260.897;1000 personnes
117;2004;48493.441;1000 personnes
117;2005;48701.073;1000 personnes
117;2006;48880.451;1000 personnes
117;2007;49034.81;1000 personnes
117;2008;49182.456;1000 personnes
117;2009;49347.461;1000 personnes
146;2000;4202.658;1000 personnes
146;2001;4187.093;1000 personnes
146;2002;4178.23;1000 personnes
146;2003;4173.274;1000 personnes
146;2004;4167.959;1000 personnes
146;2005;4159.293;1000 personnes
146;2006;4146.265;1000 personnes
146;2007;4130.136;1000 personnes
146;2008;4112.891;1000 personnes
146;2009;4097.518;1000 personnes
250;2000;47105.826;1000 personnes
250;2001;48428.545;1000 personnes
250;2002;49871.666;1000 personnes
250;2003;51425.58;1000 personnes
250;2004;53068.88;1000 personnes
250;2005;54785.903;1000 personnes
250;2006;56578.037;1000 personnes
250;2007;58453.683;1000 personnes
250;2008;60411.195;1000 personnes
250;2009;62448.574;1000 personnes
120;2000;5323.7;1000 personnes
120;2001;5409.582;1000 personnes
120;2002;5493.246;1000 personnes
120;2003;5576.64;1000 personnes
120;2004;5662.208;1000 personnes
120;2005;5751.676;1000 personnes
120;2006;5846.074;1000 personnes
120;2007;5944.948;1000 personnes
120;2008;6046.62;1000 personnes
120;2009;6148.623;1000 personnes
56;2000;8471.321;1000 personnes
56;2001;8598.601;1000 personnes
56;2002;8724.975;1000 personnes
56;2003;8850.317;1000 personnes
56;2004;8974.444;1000 personnes
56;2005;9097.257;1000 personnes
56;2006;9218.686;1000 personnes
56;2007;9338.861;1000 personnes
56;2008;9458.075;1000 personnes
56;2009;9576.737;1000 personnes
116;2000;22929.075;1000 personnes
116;2001;23132.98;1000 personnes
116;2002;23339.453;1000 personnes
116;2003;23542.426;1000 personnes
116;2004;23732.731;1000 personnes
116;2005;23904.167;1000 personnes
116;2006;24054.864;1000 personnes
116;2007;24188.331;1000 personnes
116;2008;24310.142;1000 personnes
116;2009;24428.341;1000 personnes
215;2000;33499.18;1000 personnes
215;2001;34385.856;1000 personnes
215;2002;35334.788;1000 personnes
215;2003;36337.782;1000 personnes
215;2004;37379.767;1000 personnes
215;2005;38450.32;1000 personnes
215;2006;39548.663;1000 personnes
215;2007;40681.414;1000 personnes
215;2008;41853.944;1000 personnes
215;2009;43073.834;1000 personnes
182;2000;736.71;1000 personnes
182;2001;748.658;1000 personnes
182;2002;760.258;1000 personnes
182;2003;771.384;1000 personnes
182;2004;781.864;1000 personnes
182;2005;791.598;1000 personnes
182;2006;800.54;1000 personnes
182;2007;808.73;1000 personnes
182;2008;816.318;1000 personnes
182;2009;823.522;1000 personnes
183;2000;22137.419;1000 personnes
183;2001;21989.35;1000 personnes
183;2002;21853.273;1000 personnes
183;2003;21720.407;1000 personnes
183;2004;21577.885;1000 personnes
183;2005;21417.291;1000 personnes
183;2006;21234.305;1000 personnes
183;2007;21034.189;1000 personnes
183;2008;20829.517;1000 personnes
183;2009;20637.991;1000 personnes
229;2000;58923.309;1000 personnes
229;2001;59124.288;1000 personnes
229;2002;59326.294;1000 personnes
229;2003;59561.432;1000 personnes
229;2004;59872.753;1000 personnes
229;2005;60287.954;1000 personnes
229;2006;60821.356;1000 personnes
229;2007;61455.162;1000 personnes
229;2008;62145.097;1000 personnes
229;2009;62828.616;1000 personnes
184;2000;7933.681;1000 personnes
184;2001;8231.156;1000 personnes
184;2002;8427.06;1000 personnes
184;2003;8557.161;1000 personnes
184;2004;8680.524;1000 personnes
184;2005;8840.215;1000 personnes
184;2006;9043.337;1000 personnes
184;2007;9273.757;1000 personnes
184;2008;9524.534;1000 personnes
184;2009;9782.77;1000 personnes
205;2000;314.118;1000 personnes
205;2001;336.651;1000 personnes
205;2002;363.227;1000 personnes
205;2003;391.167;1000 personnes
205;2004;416.797;1000 personnes
205;2005;437.515;1000 personnes
205;2006;452.35;1000 personnes
205;2007;462.207;1000 personnes
205;2008;468.633;1000 personnes
205;2009;474.044;1000 personnes
187;2000;6.049;1000 personnes
187;2001;5.939;1000 personnes
187;2002;5.801;1000 personnes
187;2003;5.644;1000 personnes
187;2004;5.49;1000 personnes
187;2005;5.364;1000 personnes
187;2006;5.263;1000 personnes
187;2007;5.186;1000 personnes
187;2008;5.143;1000 personnes
187;2009;5.142;1000 personnes
189;2000;156.729;1000 personnes
189;2001;158.179;1000 personnes
189;2002;159.392;1000 personnes
189;2003;160.53;1000 personnes
189;2004;161.816;1000 personnes
189;2005;163.417;1000 personnes
189;2006;165.381;1000 personnes
189;2007;167.639;1000 personnes
189;2008;170.011;1000 personnes
189;2009;172.221;1000 personnes
188;2000;44.074;1000 personnes
188;2001;44.599;1000 personnes
188;2002;45.165;1000 personnes
188;2003;45.746;1000 personnes
188;2004;46.324;1000 personnes
188;2005;46.857;1000 personnes
188;2006;47.339;1000 personnes
188;2007;47.778;1000 personnes
188;2008;48.185;1000 personnes
188;2009;48.599;1000 personnes
192;2000;27.462;1000 personnes
192;2001;27.812;1000 personnes
192;2002;28.175;1000 personnes
192;2003;28.562;1000 personnes
192;2004;28.94;1000 personnes
192;2005;29.324;1000 personnes
192;2006;29.7;1000 personnes
192;2007;30.063;1000 personnes
192;2008;30.434;1000 personnes
192;2009;30.816;1000 personnes
190;2000;6.294;1000 personnes
190;2001;6.251;1000 personnes
190;2002;6.2;1000 personnes
190;2003;6.148;1000 personnes
190;2004;6.116;1000 personnes
190;2005;6.123;1000 personnes
190;2006;6.156;1000 personnes
190;2007;6.221;1000 personnes
190;2008;6.294;1000 personnes
190;2009;6.34;1000 personnes
94;2000;0.785;1000 personnes
94;2001;0.788;1000 personnes
94;2002;0.792;1000 personnes
94;2003;0.798;1000 personnes
94;2004;0.797;1000 personnes
94;2005;0.798;1000 personnes
94;2006;0.8;1000 personnes
94;2007;0.796;1000 personnes
94;2008;0.794;1000 personnes
94;2009;0.795;1000 personnes
191;2000;107.784;1000 personnes
191;2001;107.896;1000 personnes
191;2002;108.097;1000 personnes
191;2003;108.326;1000 personnes
191;2004;108.512;1000 personnes
191;2005;108.614;1000 personnes
191;2006;108.603;1000 personnes
191;2007;108.518;1000 personnes
191;2008;108.393;1000 personnes
191;2009;108.287;1000 personnes
244;2000;174.454;1000 personnes
244;2001;175.392;1000 personnes
244;2002;176.407;1000 personnes
244;2003;177.484;1000 personnes
244;2004;178.59;1000 personnes
244;2005;179.727;1000 personnes
244;2006;180.876;1000 personnes
244;2007;182.046;1000 personnes
244;2008;183.263;1000 personnes
244;2009;184.556;1000 personnes
5;2000;57.821;1000 personnes
5;2001;58.494;1000 personnes
5;2002;59.08;1000 personnes
5;2003;59.504;1000 personnes
5;2004;59.681;1000 personnes
5;2005;59.562;1000 personnes
5;2006;59.107;1000 personnes
5;2007;58.365;1000 personnes
5;2008;57.492;1000 personnes
5;2009;56.683;1000 personnes
193;2000;142.262;1000 personnes
193;2001;144.755;1000 personnes
193;2002;147.447;1000 personnes
193;2003;150.415;1000 personnes
193;2004;153.737;1000 personnes
193;2005;157.472;1000 personnes
193;2006;161.681;1000 personnes
193;2007;166.3;1000 personnes
193;2008;171.12;1000 personnes
193;2009;175.876;1000 personnes
195;2000;9797.734;1000 personnes
195;2001;10036.104;1000 personnes
195;2002;10283.699;1000 personnes
195;2003;10541.467;1000 personnes
195;2004;10810.083;1000 personnes
195;2005;11090.116;1000 personnes
195;2006;11382.268;1000 personnes
195;2007;11687.08;1000 personnes
195;2008;12004.701;1000 personnes
195;2009;12335.084;1000 personnes
272;2006;9145.914;1000 personnes
272;2007;9101.185;1000 personnes
272;2008;9060.103;1000 personnes
272;2009;9023.357;1000 personnes
186;2000;10101.175;1000 personnes
186;2001;10023.939;1000 personnes
186;2002;9959.836;1000 personnes
186;2003;9906.313;1000 personnes
186;2004;9857.775;1000 personnes
186;2005;9810.216;1000 personnes
196;2000;80.996;1000 personnes
196;2001;82.414;1000 personnes
196;2002;84.077;1000 personnes
196;2003;85.81;1000 personnes
196;2004;87.393;1000 personnes
196;2005;88.648;1000 personnes
196;2006;89.526;1000 personnes
196;2007;90.088;1000 personnes
196;2008;90.449;1000 personnes
196;2009;90.802;1000 personnes
197;2000;4584.571;1000 personnes
197;2001;4754.072;1000 personnes
197;2002;4965.766;1000 personnes
197;2003;5201.07;1000 personnes
197;2004;5433.991;1000 personnes
197;2005;5645.624;1000 personnes
197;2006;5829.237;1000 personnes
197;2007;5989.633;1000 personnes
197;2008;6133.603;1000 personnes
197;2009;6272.734;1000 personnes
200;2000;4028.871;1000 personnes
200;2001;4077.145;1000 personnes
200;2002;4104.419;1000 personnes
200;2003;4129.225;1000 personnes
200;2004;4177.213;1000 personnes
200;2005;4265.687;1000 personnes
200;2006;4402.331;1000 personnes
200;2007;4578.63;1000 personnes
200;2008;4775.804;1000 personnes
200;2009;4966.614;1000 personnes
199;2000;5399.211;1000 personnes
199;2001;5399.992;1000 personnes
199;2002;5400.122;1000 personnes
199;2003;5399.834;1000 personnes
199;2004;5399.38;1000 personnes
199;2005;5398.963;1000 personnes
199;2006;5398.673;1000 personnes
199;2007;5398.692;1000 personnes
199;2008;5399.371;1000 personnes
199;2009;5401.153;1000 personnes
198;2000;1987.717;1000 personnes
198;2001;1987.461;1000 personnes
198;2002;1987.267;1000 personnes
198;2003;1987.862;1000 personnes
198;2004;1990.222;1000 personnes
198;2005;1994.976;1000 personnes
198;2006;2002.43;1000 personnes
198;2007;2012.118;1000 personnes
198;2008;2023.052;1000 personnes
198;2009;2033.804;1000 personnes
201;2000;8872.254;1000 personnes
201;2001;9186.725;1000 personnes
201;2002;9501.342;1000 personnes
201;2003;9815.412;1000 personnes
201;2004;10130.243;1000 personnes
201;2005;10446.863;1000 personnes
201;2006;10763.905;1000 personnes
201;2007;11080.121;1000 personnes
201;2008;11397.188;1000 personnes
201;2009;11717.692;1000 personnes
206;2000;33474.409;1000 personnes
206;2001;34418.875;1000 personnes
206;2002;35393.004;1000 personnes
206;2003;36396.195;1000 personnes
206;2004;37427.544;1000 personnes
206;2005;38485.448;1000 personnes
206;2006;39569.229;1000 personnes
206;2007;40675.76;1000 personnes
206;2008;41797.776;1000 personnes
206;2009;42926.047;1000 personnes
38;2000;18777.601;1000 personnes
38;2001;18911.73;1000 personnes
38;2002;19062.482;1000 personnes
38;2003;19224.037;1000 personnes
38;2004;19387.153;1000 personnes
38;2005;19544.988;1000 personnes
38;2006;19695.972;1000 personnes
38;2007;19842.044;1000 personnes
38;2008;19983.984;1000 personnes
38;2009;20123.508;1000 personnes
210;2000;8881.64;1000 personnes
210;2001;8897.793;1000 personnes
210;2002;8920.71;1000 personnes
210;2003;8951.436;1000 personnes
210;2004;8990.654;1000 personnes
210;2005;9038.623;1000 personnes
210;2006;9096.165;1000 personnes
210;2007;9162.939;1000 personnes
210;2008;9236.428;1000 personnes
210;2009;9313.087;1000 personnes
211;2000;7143.761;1000 personnes
211;2001;7179.169;1000 personnes
211;2002;7220.377;1000 personnes
211;2003;7268.359;1000 personnes
211;2004;7323.737;1000 personnes
211;2005;7386.816;1000 personnes
211;2006;7457.958;1000 personnes
211;2007;7536.982;1000 personnes
211;2008;7622.821;1000 personnes
211;2009;7713.898;1000 personnes
207;2000;470.949;1000 personnes
207;2001;476.579;1000 personnes
207;2002;482.235;1000 personnes
207;2003;487.942;1000 personnes
207;2004;493.679;1000 personnes
207;2005;499.464;1000 personnes
207;2006;505.295;1000 personnes
207;2007;511.181;1000 personnes
207;2008;517.123;1000 personnes
207;2009;523.111;1000 personnes
208;2000;6216.341;1000 personnes
208;2001;6318.513;1000 personnes
208;2002;6426.867;1000 personnes
208;2003;6541.547;1000 personnes
208;2004;6662.389;1000 personnes
208;2005;6789.321;1000 personnes
208;2006;6922.587;1000 personnes
208;2007;7062.672;1000 personnes
208;2008;7209.93;1000 personnes
208;2009;7364.753;1000 personnes
39;2000;8355.654;1000 personnes
39;2001;8678.051;1000 personnes
39;2002;9019.233;1000 personnes
39;2003;9373.916;1000 personnes
39;2004;9734.767;1000 personnes
39;2005;10096.633;1000 personnes
39;2006;10457.124;1000 personnes
39;2007;10818.024;1000 personnes
39;2008;11183.588;1000 personnes
39;2009;11560.147;1000 personnes
167;2000;10289.373;1000 personnes
167;2001;10271.008;1000 personnes
167;2002;10252.261;1000 personnes
167;2003;10239.136;1000 personnes
167;2004;10239.439;1000 personnes
167;2005;10258.167;1000 personnes
167;2006;10298.614;1000 personnes
167;2007;10357.538;1000 personnes
167;2008;10425.266;1000 personnes
167;2009;10488.155;1000 personnes
216;2000;62952.642;1000 personnes
216;2001;63539.196;1000 personnes
216;2002;64069.087;1000 personnes
216;2003;64549.866;1000 personnes
216;2004;64995.299;1000 personnes
216;2005;65416.189;1000 personnes
216;2006;65812.536;1000 personnes
216;2007;66182.067;1000 personnes
216;2008;66530.984;1000 personnes
216;2009;66866.839;1000 personnes
176;2000;884.366;1000 personnes
176;2001;901.214;1000 personnes
176;2002;922.694;1000 personnes
176;2003;947.108;1000 personnes
176;2004;971.893;1000 personnes
176;2005;995.135;1000 personnes
176;2006;1016.432;1000 personnes
176;2007;1036.392;1000 personnes
176;2008;1055.431;1000 personnes
176;2009;1074.277;1000 personnes
217;2000;4924.402;1000 personnes
217;2001;5062.567;1000 personnes
217;2002;5197.031;1000 personnes
217;2003;5330.639;1000 personnes
217;2004;5467.766;1000 personnes
217;2005;5611.64;1000 personnes
217;2006;5762.88;1000 personnes
217;2007;5920.359;1000 personnes
217;2008;6083.42;1000 personnes
217;2009;6250.835;1000 personnes
218;2000;1.554;1000 personnes
218;2001;1.503;1000 personnes
218;2002;1.435;1000 personnes
218;2003;1.351;1000 personnes
218;2004;1.273;1000 personnes
218;2005;1.208;1000 personnes
218;2006;1.167;1000 personnes
218;2007;1.141;1000 personnes
218;2008;1.126;1000 personnes
218;2009;1.126;1000 personnes
219;2000;97.973;1000 personnes
219;2001;98.487;1000 personnes
219;2002;99.022;1000 personnes
219;2003;99.589;1000 personnes
219;2004;100.218;1000 personnes
219;2005;100.905;1000 personnes
219;2006;101.706;1000 personnes
219;2007;102.581;1000 personnes
219;2008;103.379;1000 personnes
219;2009;103.89;1000 personnes
220;2000;1267.153;1000 personnes
220;2001;1271.632;1000 personnes
220;2002;1277.213;1000 personnes
220;2003;1283.559;1000 personnes
220;2004;1290.123;1000 personnes
220;2005;1296.502;1000 personnes
220;2006;1302.561;1000 personnes
220;2007;1308.451;1000 personnes
220;2008;1314.443;1000 personnes
220;2009;1320.93;1000 personnes
222;2000;9708.35;1000 personnes
222;2001;9793.903;1000 personnes
222;2002;9871.251;1000 personnes
222;2003;9945.277;1000 personnes
222;2004;10022.277;1000 personnes
222;2005;10106.771;1000 personnes
222;2006;10201.214;1000 personnes
222;2007;10304.726;1000 personnes
222;2008;10414.433;1000 personnes
222;2009;10525.694;1000 personnes
213;2000;4516.133;1000 personnes
213;2001;4564.083;1000 personnes
213;2002;4610.005;1000 personnes
213;2003;4655.743;1000 personnes
213;2004;4703.401;1000 personnes
213;2005;4754.646;1000 personnes
213;2006;4810.109;1000 personnes
213;2007;4870.141;1000 personnes
213;2008;4935.767;1000 personnes
213;2009;5007.954;1000 personnes
223;2000;63240.194;1000 personnes
223;2001;64192.243;1000 personnes
223;2002;65145.367;1000 personnes
223;2003;66089.402;1000 personnes
223;2004;67010.93;1000 personnes
223;2005;67903.469;1000 personnes
223;2006;68756.81;1000 personnes
223;2007;69581.848;1000 personnes
223;2008;70418.604;1000 personnes
223;2009;71321.399;1000 personnes
227;2000;9.394;1000 personnes
227;2001;9.484;1000 personnes
227;2002;9.596;1000 personnes
227;2003;9.726;1000 personnes
227;2004;9.869;1000 personnes
227;2005;10;1000 personnes
227;2006;10.12;1000 personnes
227;2007;10.221;1000 personnes
227;2008;10.314;1000 personnes
227;2009;10.424;1000 personnes
230;2000;48838.065;1000 personnes
230;2001;48401.656;1000 personnes
230;2002;47980.039;1000 personnes
230;2003;47582.461;1000 personnes
230;2004;47217.493;1000 personnes
230;2005;46890.772;1000 personnes
230;2006;46607.395;1000 personnes
230;2007;46366.353;1000 personnes
230;2008;46158.711;1000 personnes
230;2009;45970.941;1000 personnes
234;2000;3319.736;1000 personnes
234;2001;3325.473;1000 personnes
234;2002;3326.04;1000 personnes
234;2003;3323.668;1000 personnes
234;2004;3321.476;1000 personnes
234;2005;3321.803;1000 personnes
234;2006;3325.401;1000 personnes
234;2007;3331.749;1000 personnes
234;2008;3340.221;1000 personnes
234;2009;3349.676;1000 personnes
155;2000;184.972;1000 personnes
155;2001;189.219;1000 personnes
155;2002;193.92;1000 personnes
155;2003;198.959;1000 personnes
155;2004;204.127;1000 personnes
155;2005;209.282;1000 personnes
155;2006;214.37;1000 personnes
155;2007;219.472;1000 personnes
155;2008;224.704;1000 personnes
155;2009;230.247;1000 personnes
236;2000;24192.446;1000 personnes
236;2001;24646.472;1000 personnes
236;2002;25100.408;1000 personnes
236;2003;25551.624;1000 personnes
236;2004;25996.594;1000 personnes
236;2005;26432.447;1000 personnes
236;2006;26850.194;1000 personnes
236;2007;27247.61;1000 personnes
236;2008;27635.832;1000 personnes
236;2009;28031.009;1000 personnes
237;2000;79910.412;1000 personnes
237;2001;80742.499;1000 personnes
237;2002;81534.407;1000 personnes
237;2003;82301.656;1000 personnes
237;2004;83062.821;1000 personnes
237;2005;83832.661;1000 personnes
237;2006;84617.54;1000 personnes
237;2007;85419.591;1000 personnes
237;2008;86243.413;1000 personnes
237;2009;87092.252;1000 personnes
249;2000;17409.072;1000 personnes
249;2001;17918.373;1000 personnes
249;2002;18443.691;1000 personnes
249;2003;18985;1000 personnes
249;2004;19540.098;1000 personnes
249;2005;20107.409;1000 personnes
249;2006;20687.646;1000 personnes
249;2007;21282.515;1000 personnes
249;2008;21892.146;1000 personnes
249;2009;22516.46;1000 personnes
251;2000;10415.944;1000 personnes
251;2001;10692.193;1000 personnes
251;2002;10971.698;1000 personnes
251;2003;11256.743;1000 personnes
251;2004;11550.642;1000 personnes
251;2005;11856.247;1000 personnes
251;2006;12173.514;1000 personnes
251;2007;12502.958;1000 personnes
251;2008;12848.53;1000 personnes
251;2009;13215.139;1000 personnes
181;2000;11881.477;1000 personnes
181;2001;11923.914;1000 personnes
181;2002;11954.29;1000 personnes
181;2003;11982.224;1000 personnes
181;2004;12019.912;1000 personnes
181;2005;12076.699;1000 personnes
181;2006;12155.491;1000 personnes
181;2007;12255.922;1000 personnes
181;2008;12379.549;1000 personnes
181;2009;12526.968;1000 personnes
